time,mag
0,0.8951617
0.0201416,0.8714491
0.0402832,1.025786
0.0604248,1.056975
0.08056641,1.109219
0.100708,1.128476
0.1208496,1.449722
0.1409912,1.390567
0.1611328,1.051404
0.1812744,0.959417
0.201416,1.033157
0.2215576,1.056975
0.2416992,1.109219
0.2618408,1.128476
0.2819824,1.449722
0.302124,1.390567
0.3222656,1.051404
0.3424072,0.959417
0.3625488,1.033157
0.3826904,1.056975
0.402832,1.109219
0.4229736,1.128476
0.4431152,1.449722
0.4632568,1.390567
0.4833984,1.051404
0.50354,0.959417
0.5236816,1.033157
0.5438232,0.8943687
0.5639648,0.8943687
0.5841064,0.8404363
0.604248,0.8234355
0.6243896,0.8966666
0.6445313,0.9756484
0.6646729,0.9756484
0.6848145,1.02005
0.7049561,1.079103
0.7250977,1.062936
0.7452393,1.137089
0.7653809,1.197586
0.7855225,1.197586
0.8056641,1.133213
0.8258057,0.9479033
0.8459473,0.9504589
0.8660889,0.9504589
0.8862305,0.9047117
0.9063721,0.997858
0.9265137,1.035211
0.9466553,1.051102
0.9667969,1.056786
0.9869385,1.04368
1.00708,1.043673
1.027222,1.001148
1.047363,1.001148
1.067505,0.9262304
1.087646,0.9262304
1.107788,0.9660265
1.12793,1.050498
1.148071,1.045588
1.168213,1.050498
1.188354,1.045588
1.208496,0.9725704
1.228638,1.560164
1.248779,1.196131
1.268921,0.9862003
1.289063,0.9862003
1.309204,0.8387746
1.329346,0.7779635
1.349487,1.114369
1.369629,1.195439
1.389771,1.129844
1.409912,1.161738
1.430054,1.09716
1.450195,1.09716
1.470337,0.8873847
1.490479,0.8873847
1.51062,0.8823228
1.530762,0.9893439
1.550903,0.8823228
1.571045,0.9893439
1.591187,0.964776
1.611328,0.9649585
1.63147,1.076975
1.651611,1.15334
1.671753,1.012478
1.691895,1.184607
1.712036,1.184607
1.732178,1.138146
1.752319,0.9710216
1.772461,1.146173
1.792603,1.038445
1.812744,0.9105591
1.832886,0.938282
1.853027,0.938282
1.873169,1.019707
1.893311,1.132274
1.913452,1.132274
1.933594,1.124541
1.953735,1.207151
1.973877,1.150427
1.994019,1.072916
2.01416,0.998193
2.034302,1.009846
2.054443,1.070161
2.074585,1.009846
2.094727,1.070161
2.114868,1.08127
2.13501,0.9344265
2.155151,0.9344265
2.175293,0.8394064
2.195435,1.102107
2.215576,1.102107
2.235718,1.10227
2.255859,0.9905444
2.276001,0.9589122
2.296143,0.944563
2.316284,0.9933091
2.336426,1.101306
2.356567,1.101306
2.376709,1.007828
2.396851,1.019915
2.416992,1.003935
2.437134,1.05383
2.457275,1.05347
2.477417,1.065369
2.497559,1.03419
2.5177,1.051095
2.537842,1.051095
2.557983,1.051095
2.578125,1.06086
2.598267,1.068318
2.618408,1.068909
2.63855,0.9946582
2.658691,0.958993
2.678833,0.970211
2.698975,1.057593
2.719116,0.9810139
2.739258,0.9810139
2.759399,1.048433
2.779541,1.049134
2.799683,1.02938
2.819824,0.9471664
2.839966,0.9471664
2.860107,0.8815752
2.880249,0.8797139
2.900391,0.9274918
2.920532,0.9945179
2.940674,0.9945179
2.960815,1.127724
2.980957,1.080128
3.001099,1.059523
3.02124,1.117118
3.041382,1.115555
3.061523,1.157965
3.081665,1.219228
3.101807,1.058489
3.121948,1.058489
3.14209,1.058489
3.162231,0.9653171
3.182373,1.166782
3.202515,0.9653171
3.222656,1.166782
3.242798,1.032273
3.262939,0.8185471
3.283081,0.8033518
3.303223,0.9485996
3.323364,0.7123581
3.343506,1.003185
3.363647,1.003185
3.383789,0.8514221
3.403931,0.9488437
3.424072,1.01936
3.444214,0.975228
3.464355,0.8888118
3.484497,0.9346594
3.504639,0.9346594
3.52478,1.070511
3.544922,1.04763
3.565063,1.04763
3.585205,0.9754333
3.605347,1.071609
3.625488,0.9045278
3.64563,0.7440756
3.665771,0.7079706
3.685913,0.7688455
3.706055,0.9715894
3.726196,1.200007
3.746338,1.200007
3.766479,1.388742
3.786621,1.445814
3.806763,1.445814
3.826904,1.306942
3.847046,1.06597
3.867188,0.9475721
3.887329,0.9475721
3.907471,1.025346
3.927612,1.134123
3.947754,0.9887136
3.967896,0.9887136
3.988037,0.8793988
4.008179,0.932225
4.02832,1.078907
4.048462,1.137522
4.068604,0.9574087
4.088745,0.8211379
4.108887,0.8239331
4.129028,0.9439896
4.14917,1.078907
4.169312,1.137522
4.189453,0.9574087
4.209595,0.8211379
4.229736,0.8239331
4.249878,0.9439896
4.27002,1.117358
4.290161,1.117358
4.310303,1.159171
4.330444,1.228545
4.350586,1.352022
4.370728,1.352022
4.390869,1.322827
4.411011,1.574589
4.431152,1.48082
4.451294,1.042574
4.471436,1.48082
4.491577,1.042574
4.511719,1.48082
4.53186,1.042574
4.552002,0.6796023
4.572144,0.7289511
4.592285,1.143457
4.612427,1.143457
4.632568,1.645754
4.65271,1.530129
4.672852,1.383769
4.692993,1.213258
4.713135,1.053982
4.733276,1.053982
4.753418,0.9147612
4.77356,0.8456349
4.793701,0.7517881
4.813843,0.7517881
4.833984,0.8048856
4.854126,0.8602534
4.874268,1.168631
4.894409,1.348092
4.914551,1.144497
4.934692,1.144497
4.954834,0.9255693
4.974976,1.076029
4.995117,1.38792
5.015259,1.131112
5.0354,1.025587
5.055542,1.040791
5.075684,1.029537
5.095825,0.841272
5.115967,0.841272
5.136108,1.013571
5.15625,1.013571
5.176392,1.036101
5.196533,0.8085812
5.216675,1.036101
5.236816,0.8085812
5.256958,1.097737
5.2771,1.375724
5.297241,1.230597
5.317383,1.344025
5.337524,1.292177
5.357666,1.292177
5.377808,1.304373
5.397949,1.267189
5.418091,1.324173
5.438232,1.342242
5.458374,1.194018
5.478516,1.025719
5.498657,0.8345729
5.518799,0.8345729
5.53894,0.7642325
5.559082,0.7086838
5.579224,0.7642325
5.599365,0.7086838
5.619507,0.7741517
5.639648,0.7741517
5.65979,1.014766
5.679932,1.241175
5.700073,1.125682
5.720215,0.849708
5.740356,0.7946652
5.760498,0.8550986
5.78064,0.7929451
5.800781,0.7929451
5.820923,0.7493029
5.841064,0.7954351
5.861206,0.7954351
5.881348,0.8649267
5.901489,1.007215
5.921631,1.121302
5.941772,1.073788
5.961914,0.9903638
5.982056,0.8317757
6.002197,0.8317757
6.022339,0.7375473
6.04248,0.8377647
6.062622,0.8669116
6.082764,0.7928294
6.102905,0.7928294
6.123047,0.9167485
6.143188,1.011536
6.16333,1.505948
6.183472,0.7746459
6.203613,0.7746459
6.223755,1.251648
6.243896,0.8021467
6.264038,0.8021467
6.28418,0.9366624
6.304321,1.099112
6.324463,0.9366624
6.344604,1.099112
6.364746,0.9653833
6.384888,0.9277989
6.405029,0.9208819
6.425171,1.59336
6.445313,1.234872
6.465454,0.8906764
6.485596,0.9277989
6.505737,0.9208819
6.525879,1.59336
6.546021,1.234872
6.566162,0.8906764
6.586304,0.9512732
6.606445,0.9512732
6.626587,0.9569592
6.646729,0.9752097
6.66687,1.065744
6.687012,1.146889
6.707153,1.116889
6.727295,1.116889
6.747437,1.116889
6.767578,1.116889
6.78772,1.011915
6.807861,0.9510036
6.828003,1.094667
6.848145,1.094667
6.868286,1.103441
6.888428,0.859383
6.908569,0.8240002
6.928711,0.8482844
6.948853,0.9778868
6.968994,0.9778868
6.989136,1.091109
7.009277,1.025804
7.029419,0.9583846
7.049561,0.9616081
7.069702,1.025168
7.089844,1.022191
7.109985,0.9464359
7.130127,0.9526131
7.150269,0.9526131
7.17041,0.9526131
7.190552,1.000647
7.210693,1.062682
7.230835,0.9970449
7.250977,0.969895
7.271118,0.9742383
7.29126,0.9996206
7.311401,0.9841495
7.331543,0.9781614
7.351685,0.9781614
7.371826,0.9869705
7.391968,0.9511161
7.412109,0.9371169
7.432251,0.9761764
7.452393,0.9472095
7.472534,0.914637
7.492676,0.914637
7.512817,0.9562342
7.532959,1.053321
7.553101,1.053321
7.573242,1.089368
7.593384,1.098217
7.613525,1.056599
7.633667,0.9738374
7.653809,0.9136535
7.67395,0.9001889
7.694092,0.8805401
7.714233,0.9236528
7.734375,0.9236528
7.754517,1.079755
7.774658,1.166396
7.7948,1.166396
7.814941,1.172334
7.835083,1.129422
7.855225,1.044446
7.875366,0.9613788
7.895508,0.9449227
7.915649,0.9317831
7.935791,0.9317831
7.955933,0.9448534
7.976074,0.9262175
7.996216,0.9179249
8.016357,0.937636
8.036499,0.9705192
8.056641,0.9708441
8.076782,0.9687145
8.096924,0.9474561
8.117065,0.9474561
8.137207,0.9474561
8.157349,0.9497752
8.17749,0.7797519
8.197632,0.7334767
8.217773,0.9974334
8.237915,1.170959
8.258057,1.107443
8.278198,1.058509
8.29834,1.113747
8.318481,1.113747
8.338623,1.137893
8.358765,0.9532824
8.378906,0.8574312
8.399048,0.9781523
8.419189,0.9594544
8.439331,0.9844999
8.459473,1.039641
8.479614,1.039641
8.499756,1.07317
8.519897,1.07317
8.540039,0.9544511
8.560181,0.9507866
8.580322,0.9514329
8.600464,1.102112
8.620605,1.138384
8.640747,1.04681
8.660889,0.9109649
8.68103,0.9781768
8.701172,0.9781768
8.721313,0.9555535
8.741455,0.9555535
8.761597,0.9073478
8.781738,0.9341358
8.80188,0.9986251
8.822021,1.078867
8.842163,1.216605
8.862305,1.078867
8.882446,1.216605
8.902588,1.277451
8.922729,1.272791
8.942871,1.272791
8.963013,1.269036
8.983154,1.085512
9.003296,0.8923027
9.023438,0.8557507
9.043579,0.8300246
9.063721,0.7769532
9.083862,0.7549487
9.104004,0.9070933
9.124146,0.9070933
9.144287,0.9070933
9.164429,0.9926377
9.18457,1.029669
9.204712,1.042711
9.224854,0.9695948
9.244995,0.8675914
9.265137,0.8827587
9.285278,0.9826257
9.30542,1.026578
9.325562,1.026578
9.345703,1.114481
9.365845,1.09753
9.385986,1.114481
9.406128,1.09753
9.42627,1.114481
9.446411,1.09753
9.466553,1.008125
9.486694,0.9291974
9.506836,0.8412066
9.526978,0.8737581
9.547119,0.8406193
9.567261,0.8165994
9.587402,0.8752334
9.607544,0.8752334
9.627686,0.9786457
9.647827,1.049191
9.667969,1.064762
9.68811,1.051578
9.708252,1.083208
9.728394,1.122394
9.748535,1.152979
9.768677,1.152979
9.788818,1.134707
9.80896,1.078557
9.829102,1.059211
9.849243,1.059211
9.869385,1.055639
9.889526,1.078905
9.909668,1.10622
9.92981,1.074224
9.949951,1.042818
9.970093,1.042818
9.990234,0.9712375
10.01038,0.9590909
10.03052,0.9488207
10.05066,1.040198
10.0708,1.188668
10.09094,1.13419
10.11108,1.059812
10.13123,1.221091
10.15137,1.221091
10.17151,1.3284
10.19165,1.3284
10.21179,1.14937
10.23193,1.01076
10.25208,1.038057
10.27222,1.103195
10.29236,1.102273
10.3125,1.048133
10.33264,1.023386
10.35278,0.9919888
10.37292,0.9919888
10.39307,0.9330781
10.41321,0.8837923
10.43335,0.8408378
10.45349,0.8408378
10.47363,0.8508916
10.49377,0.9318861
10.51392,0.9705078
10.53406,0.9374467
10.5542,0.8694271
10.57434,0.8966078
10.59448,0.8966078
10.61462,0.9763264
10.63476,1.073592
10.65491,1.136843
10.67505,1.204297
10.69519,1.229728
10.71533,1.040906
10.73547,0.850886
10.75561,0.850886
10.77576,0.850886
10.7959,0.9354794
10.81604,1.048837
10.83618,0.9913206
10.85632,0.8799863
10.87646,0.8940176
10.89661,0.984781
10.91675,1.037187
10.93689,1.062071
10.95703,1.062071
10.97717,1.040358
10.99731,1.029629
11.01746,1.010964
11.0376,0.9820052
11.05774,0.980283
11.07788,0.980283
11.09802,1.014031
11.11816,1.033151
11.1383,1.016396
11.15845,1.016396
11.17859,0.9926243
11.19873,0.9786906
11.21887,0.9610263
11.23901,0.9420344
11.25915,0.9337527
11.2793,0.9388717
11.29944,0.9541042
11.31958,0.9609736
11.33972,0.9609736
11.35986,0.9412034
11.38,0.9217245
11.40015,0.9086814
11.42029,0.9086814
11.44043,0.916387
11.46057,0.9255432
11.48071,0.916387
11.50085,0.9255432
11.521,0.9296267
11.54114,0.9441908
11.56128,0.9615483
11.58142,0.9615483
11.60156,1.009868
11.6217,1.067305
11.64184,1.089165
11.66199,1.075265
11.68213,1.070766
11.70227,1.081346
11.72241,1.100304
11.74255,1.051338
11.76269,1.051338
11.78284,1.051338
11.80298,1.002445
11.82312,1.031672
11.84326,1.105241
11.8634,1.166213
11.88354,1.258229
11.90369,1.334491
11.92383,1.266842
11.94397,1.125345
11.96411,1.125345
11.98425,1.091743
12.00439,1.026022
12.02454,0.9457233
12.04468,1.000211
12.06482,1.000211
12.08496,1.143866
12.1051,1.154857
12.12524,1.143866
12.14538,1.154857
12.16553,1.051117
12.18567,0.8766615
12.20581,0.8766615
12.22595,0.801442
12.24609,0.9208992
12.26623,0.9210496
12.28638,0.9208992
12.30652,0.9210496
12.32666,0.810771
12.3468,0.7706487
12.36694,0.8084596
12.38708,0.8402629
12.40723,0.8702493
12.42737,0.8702493
12.44751,0.9018912
12.46765,0.9018912
12.48779,0.9082807
12.50793,0.8887334
12.52808,0.8573514
12.54822,0.836111
12.56836,0.8573514
12.5885,0.836111
12.60864,0.8338081
12.62878,0.8365879
12.64892,0.8446249
12.66907,0.8446249
12.68921,0.8130754
12.70935,0.7728536
12.72949,0.8451833
12.74963,1.028171
12.76977,1.258151
12.78992,1.258151
12.81006,1.319325
12.8302,1.175281
12.85034,1.225248
12.87048,1.175281
12.89062,1.225248
12.91077,1.335132
12.93091,1.260123
12.95105,1.260123
12.97119,1.196333
12.99133,1.220866
13.01147,1.135637
13.03162,1.05009
13.05176,1.033621
13.0719,1.019911
13.09204,1.019911
13.11218,0.9530292
13.13232,0.9460256
13.15246,0.9441734
13.17261,0.9270448
13.19275,0.8754161
13.21289,0.836082
13.23303,0.836082
13.25317,0.8467405
13.27331,0.871754
13.29346,0.871754
13.3136,0.9025503
13.33374,0.9131258
13.35388,0.9133316
13.37402,0.9090717
13.39416,0.9073578
13.41431,0.9032418
13.43445,0.8958832
13.45459,0.8950098
13.47473,0.8950098
13.49487,0.8950098
13.51501,0.8514997
13.53516,0.7754781
13.5553,0.9424083
13.57544,0.9424083
13.59558,1.17461
13.61572,1.268644
13.63586,1.251634
13.656,1.308072
13.67615,1.303375
13.69629,1.303375
13.71643,1.190804
13.73657,1.097634
13.75671,1.068896
13.77685,1.015375
13.797,0.9615356
13.81714,0.9323646
13.83728,0.9323646
13.85742,0.9400315
13.87756,0.9503362
13.8977,0.9400315
13.91785,0.9503362
13.93799,0.9400315
13.95813,0.9503362
13.97827,0.9707009
13.99841,1.000195
14.01855,1.007547
14.0387,0.9772017
14.05884,0.966213
14.07898,0.9892095
14.09912,1.009295
14.11926,1.017629
14.1394,1.017629
14.15954,1.023638
14.17969,1.037864
14.19983,1.030904
14.21997,1.01836
14.24011,0.9798784
14.26025,0.9798784
14.28039,0.9431599
14.30054,0.9579601
14.32068,0.9798172
14.34082,0.9798172
14.36096,0.9741967
14.3811,0.9959005
14.40124,1.024359
14.42139,1.006442
14.44153,0.9812269
14.46167,0.9837875
14.48181,1.002019
14.50195,1.038113
14.52209,1.038113
14.54224,1.038113
14.56238,1.053641
14.58252,1.028671
14.60266,1.008173
14.6228,1.018108
14.64294,1.01186
14.66308,0.9841722
14.68323,0.989868
14.70337,1.006246
14.72351,1.006246
14.74365,0.9877007
14.76379,0.9855176
14.78393,0.9855064
14.80408,0.9788966
14.82422,0.9547814
14.84436,0.9550892
14.8645,0.982505
14.88464,0.9930098
14.90478,0.9930098
14.92493,0.9930098
14.94507,0.9966764
14.96521,1.023898
14.98535,1.071905
15.00549,1.086902
15.02563,1.06949
15.04578,1.07326
15.06592,1.076704
15.08606,1.081746
15.1062,1.081746
15.12634,1.109375
15.14648,1.125773
15.16663,1.123254
15.18677,1.123254
15.20691,1.093022
15.22705,1.074786
15.24719,1.032498
15.26733,0.9584473
15.28747,0.9276053
15.30762,0.9276053
15.32776,0.9432525
15.3479,0.9472634
15.36804,0.9780741
15.38818,0.9831935
15.40832,0.9619586
15.42847,0.9779337
15.44861,1.005301
15.46875,1.020495
15.48889,1.020495
15.50903,1.020495
15.52917,1.00359
15.54932,0.9507657
15.56946,0.9458929
15.5896,0.9843935
15.60974,0.9787568
15.62988,0.9430141
15.65002,0.9787568
15.67017,0.9430141
15.69031,0.9410352
15.71045,0.9337716
15.73059,0.9337716
15.75073,0.9014167
15.77087,0.9030727
15.79101,0.9621568
15.81116,1.033319
15.8313,1.048071
15.85144,0.9998769
15.87158,0.9549985
15.89172,0.94423
15.91186,0.94423
15.93201,0.94423
15.95215,0.9782674
15.97229,1.002478
15.99243,1.01587
16.01257,1.014834
16.03271,1.013044
16.05285,1.011302
16.073,1.003295
16.09314,0.9711615
16.11328,0.9711615
16.13342,0.9626231
16.15356,0.9925669
16.1737,1.021152
16.19385,1.021152
16.21399,1.028734
16.23413,1.0221
16.25427,0.9889608
16.27441,0.9724814
16.29455,1.004655
16.3147,1.004655
16.33484,1.022354
16.35498,1.002688
16.37512,0.9822316
16.39526,0.9886584
16.4154,1.004819
16.43554,1.016958
16.45569,1.027793
16.47583,1.022447
16.49597,1.006258
16.51611,1.006258
16.53625,1.006258
16.55639,1.006892
16.57654,1.017096
16.59668,1.013263
16.61682,1.009048
16.63696,1.009048
16.6571,1.001634
16.67724,0.9902207
16.69739,0.9680458
16.71753,0.9623023
16.73767,0.9623023
16.75781,0.9743408
16.77795,0.9978006
16.79809,0.9655579
16.81824,0.9306504
16.83838,0.9445351
16.85852,0.9795439
16.87866,0.9795439
16.8988,0.9948293
16.91894,1.006167
16.93909,0.9948293
16.95923,1.006167
16.97937,0.9948293
16.99951,1.006167
17.01965,1.017176
17.03979,1.024254
17.05993,1.013201
17.08008,0.99552
17.10022,0.9888431
17.12036,0.9991749
17.1405,0.996797
17.16064,1.018978
17.18078,1.018978
17.20093,1.030131
17.22107,1.063062
17.24121,1.074277
17.26135,1.074277
17.28149,1.090119
17.30163,1.073293
17.32178,1.019899
17.34192,0.9784692
17.36206,0.9678016
17.3822,0.9678016
17.40234,0.9970344
17.42248,1.031131
17.44263,1.041451
17.46277,1.042112
17.48291,1.009163
17.50305,0.9963054
17.52319,1.034614
17.54333,1.034614
17.56347,1.065462
17.58362,1.065462
17.60376,1.028872
17.6239,1.000833
17.64404,0.9874859
17.66418,0.9874859
17.68432,0.9861419
17.70447,0.9911442
17.72461,1.01534
17.74475,1.016948
17.76489,0.9631063
17.78503,0.9631063
17.80517,0.9423389
17.82532,0.997161
17.84546,1.042756
17.8656,1.048211
17.88574,1.036823
17.90588,1.036823
17.92602,1.04144
17.94617,1.039773
17.96631,1.021932
17.98645,1.021932
18.00659,1.011938
18.02673,1.00981
18.04687,1.019324
18.06701,1.027068
18.08716,1.018891
18.1073,1.019319
18.12744,1.042766
18.14758,1.0538
18.16772,1.0538
18.18786,1.044638
18.20801,1.021994
18.22815,1.021994
18.24829,1.001916
18.26843,0.9834396
18.28857,0.9576039
18.30871,0.957215
18.32886,0.9977384
18.349,1.026248
18.36914,1.01723
18.38928,1.01723
18.40942,0.9914603
18.42956,0.9814708
18.44971,1.00092
18.46985,1.023294
18.48999,1.029418
18.51013,1.022093
18.53027,1.0026
18.55041,1.0026
18.57055,1.0026
18.5907,0.9888809
18.61084,1.002729
18.63098,1.025342
18.65112,0.9998462
18.67126,0.9729281
18.6914,0.9873403
18.71155,0.9972392
18.73169,0.9967747
18.75183,0.9967747
18.77197,1.010207
18.79211,1.015481
18.81225,1.016604
18.8324,1.021349
18.85254,1.021349
18.87268,1.026973
18.89282,1.026594
18.91296,1.022392
18.9331,1.022392
18.95325,1.018812
18.97339,0.9992413
18.99353,0.9992413
19.01367,0.9919207
19.03381,0.9891765
19.05395,0.9952475
19.07409,0.9936551
19.09424,0.9858564
19.11438,0.9815291
19.13452,0.9679126
19.15466,0.9679126
19.1748,0.9613672
19.19494,0.9890983
19.21509,0.9890983
19.23523,1.011331
19.25537,1.019788
19.27551,1.0146
19.29565,1.012689
19.31579,1.012689
19.33594,1.01415
19.35608,1.001839
19.37622,1.001839
19.39636,0.9873281
19.4165,0.9960316
19.43664,1.01153
19.45679,1.013207
19.47693,1.004743
19.49707,1.00879
19.51721,1.007429
19.53735,0.9966164
19.55749,0.9966164
19.57763,1.01036
19.59778,1.01036
19.61792,1.01797
19.63806,1.032664
19.6582,1.045183
19.67834,1.037906
19.69848,1.014277
19.71863,1.003727
19.73877,0.9998975
19.75891,0.9998975
19.77905,0.9939926
19.79919,0.9710343
19.81933,0.9599327
19.83948,0.9583002
19.85962,0.9475213
19.87976,0.9476287
19.8999,0.9476287
19.92004,0.9683741
19.94018,0.9719276
19.96033,0.9719276
19.98047,0.9554225
20.00061,0.9719473
20.02075,1.0032
20.04089,1.019391
20.06103,1.028642
20.08117,1.021274
20.10132,1.005818
20.12146,1.015723
20.1416,1.015723
20.16174,1.031397
20.18188,1.011003
20.20202,1.011003
20.22217,1.022141
20.24231,1.044127
20.26245,1.033277
20.28259,1.015867
20.30273,1.013292
20.32287,1.010574
20.34302,1.010574
20.36316,0.9986552
20.3833,0.9814927
20.40344,0.9650806
20.42358,0.9514776
20.44372,0.9548262
20.46387,0.9757854
20.48401,0.9889976
20.50415,0.9889976
20.52429,1.001798
20.54443,1.001181
20.56457,1.001181
20.58471,0.9894836
20.60486,0.9757917
20.625,0.970057
20.64514,0.9650211
20.66528,0.9695785
20.68542,0.9521617
20.70556,0.9252003
20.72571,0.9252003
20.74585,0.9313229
20.76599,0.9650151
20.78613,0.9739376
20.80627,0.9739376
20.82641,0.9296182
20.84656,0.8355881
20.8667,0.7962458
20.88684,0.8530633
20.90698,0.8803369
20.92712,0.8803369
20.94726,0.8803369
20.96741,0.8908838
20.98755,0.8818162
21.00769,0.8966464
21.02783,0.8818162
21.04797,0.8966464
21.06811,0.8888267
21.08825,0.8601248
21.1084,0.8530846
21.12854,0.8725451
21.14868,0.9315298
21.16882,0.9315298
21.18896,0.9543207
21.2091,0.9487604
21.22925,0.9304494
21.24939,0.9304494
21.26953,0.9483837
21.28967,0.9720858
21.30981,0.9891737
21.32995,1.009532
21.3501,1.05118
21.37024,1.05118
21.39038,1.0984
21.41052,1.131245
21.43066,1.13935
21.4508,1.168902
21.47095,1.203974
21.49109,1.203974
21.51123,1.213796
21.53137,1.220431
21.55151,1.213796
21.57165,1.220431
21.59179,1.252623
21.61194,1.252623
21.63208,1.277308
21.65222,1.264154
21.67236,1.257724
21.6925,1.266571
21.71264,1.288593
21.73279,1.282752
21.75293,1.258527
21.77307,1.277895
21.79321,1.277895
21.81335,1.31053
21.83349,1.307741
21.85364,1.287842
21.87378,1.306816
21.89392,1.338589
21.91406,1.353982
21.9342,1.353982
21.95434,1.33755
21.97449,1.316789
21.99463,1.33755
22.01477,1.316789
22.03491,1.33755
22.05505,1.316789
22.07519,1.314445
22.09534,1.323533
22.11548,1.305658
22.13562,1.273142
22.15576,1.225137
22.1759,1.177259
22.19604,1.141249
22.21618,1.136596
22.23633,1.136596
22.25647,1.136596
22.27661,1.13839
22.29675,1.126752
22.31689,1.079732
22.33703,1.005292
22.35718,0.9450009
22.37732,0.9101331
22.39746,0.9192916
22.4176,0.8948339
22.43774,0.8948339
22.45788,0.8125374
22.47803,0.7196869
22.49817,0.6550735
22.51831,0.6306484
22.53845,0.6138394
22.55859,0.59068
22.57873,0.6290269
22.59888,0.8117815
22.61902,0.8117815
22.63916,0.8117815
22.6593,0.9468316
22.67944,0.8996883
22.69958,0.8328843
22.71972,0.8108184
22.73987,0.8073015
22.76001,0.8817846
22.78015,0.926505
22.80029,0.9273869
22.82043,0.9273869
22.84057,0.9383432
22.86072,0.9614363
22.88086,0.975009
22.901,1.003742
22.92113,1.078375
22.94127,1.136107
22.96141,1.136107
22.98155,1.203188
23.00169,1.255063
23.02183,1.255063
23.04198,1.329515
23.06212,1.248617
23.08226,1.089615
23.1024,1.011417
23.12254,1.089615
23.14268,1.011417
23.16282,1.035187
23.18297,1.052424
23.20311,1.061013
23.22325,1.074965
23.24339,1.074965
23.26353,1.101613
23.28367,1.101613
23.30382,1.141093
23.32396,1.215369
23.3441,1.141093
23.36424,1.215369
23.38438,1.285497
23.40452,1.287441
23.42467,1.212779
23.44481,1.192011
23.46495,1.304759
23.48509,1.304759
23.50523,1.229001
23.52537,1.208748
23.54552,1.25304
23.56566,1.348011
23.5858,1.301154
23.60594,1.29201
23.62608,1.322824
23.64622,1.324237
23.66636,1.324237
23.68651,1.270369
23.70665,1.270369
23.72679,1.311733
23.74693,1.270279
23.76707,1.202153
23.78721,1.141726
23.80736,1.098702
23.8275,1.026801
23.84764,0.9745389
23.86778,0.9745389
23.88792,0.9375728
23.90806,0.9266132
23.92821,0.8787794
23.94835,0.901241
23.96849,0.901241
23.98863,0.9007953
24.00877,0.8857571
24.02891,0.8706251
24.04906,0.843284
24.0692,0.843284
24.08934,0.8465183
24.10948,0.8878223
24.12962,0.8938541
24.14976,0.8911541
24.1699,0.8635494
24.19005,0.8345748
24.21019,0.8327741
24.23033,0.8575252
24.25047,0.8575252
24.27061,0.8620336
24.29075,0.8318622
24.3109,0.8216758
24.33104,0.8216758
24.35118,0.8043308
24.37132,0.7787626
24.39146,0.7639813
24.4116,0.775062
24.43175,0.7738973
24.45189,0.7738973
24.47203,0.7813638
24.49217,0.825229
24.51231,0.8576651
24.53245,0.8624051
24.5526,0.8928866
24.57274,0.9263549
24.59288,0.9293469
24.61302,0.9436573
24.63316,0.9436573
24.6533,0.9436573
24.67344,0.9979495
24.69359,1.088786
24.71373,1.114411
24.73387,1.102752
24.75401,1.132857
24.77415,1.205474
24.79429,1.234047
24.81444,1.196769
24.83458,1.196769
24.85472,1.160014
24.87486,1.169994
24.895,1.183062
24.91514,1.20169
24.93529,1.225503
24.95543,1.225503
24.97557,1.239495
24.99571,1.220696
25.01585,1.207613
25.03599,1.207613
25.05614,1.207584
25.07628,1.182732
25.09642,1.170287
25.11656,1.212936
25.1367,1.264525
25.15684,1.292363
25.17698,1.310384
25.19713,1.329766
25.21727,1.329766
25.23741,1.312966
25.25755,1.279995
25.27769,1.279995
25.29783,1.276092
25.31798,1.285105
25.33812,1.266891
25.35826,1.235684
25.3784,1.208534
25.39854,1.188235
25.41868,1.188235
25.43883,1.159581
25.45897,1.139016
25.47911,1.105172
25.49925,1.073234
25.51939,1.068758
25.53953,1.070234
25.55968,1.030187
25.57982,0.9703669
25.59996,0.9703669
25.6201,0.9703669
25.64024,0.9330451
25.66038,0.9131345
25.68052,0.8914379
25.70067,0.8475431
25.72081,0.8070112
25.74095,0.7748275
25.76109,0.7383436
25.78123,0.7176944
25.80137,0.7176944
25.82152,0.6742908
25.84166,0.6394772
25.8618,0.6209692
25.88194,0.6348971
25.90208,0.6348971
25.92222,0.6783028
25.94237,0.70825
25.96251,0.731581
25.98265,0.70825
26.00279,0.731581
26.02293,0.8005092
26.04307,0.8005092
26.06322,0.8848655
26.08336,0.9741916
26.1035,1.014516
26.12364,1.019112
26.14378,1.038506
26.16392,1.018763
26.18406,0.974325
26.20421,0.9868295
26.22435,0.9868295
26.24449,0.9868295
26.26463,1.031666
26.28477,1.013191
26.30491,1.051773
26.32506,1.08524
26.3452,1.052209
26.36534,1.052209
26.38548,1.035573
26.40562,1.041189
26.42576,1.052278
26.44591,1.052278
26.46605,1.081537
26.48619,1.094053
26.50633,1.107172
26.52647,1.115233
26.54661,1.123331
26.56676,1.116934
26.5869,1.116934
26.60704,1.130772
26.62718,1.148114
26.64732,1.130772
26.66746,1.148114
26.6876,1.130772
26.70775,1.148114
26.72789,1.136812
26.74803,1.139143
26.76817,1.168215
26.78831,1.139143
26.80845,1.168215
26.8286,1.207813
26.84874,1.228977
26.86888,1.253769
26.88902,1.290927
26.90916,1.301014
26.9293,1.301014
26.94945,1.291133
26.96959,1.303661
26.98973,1.315706
27.00987,1.309361
27.03001,1.297391
27.05015,1.288447
27.0703,1.288447
27.09044,1.271356
27.11058,1.237477
27.13072,1.237477
27.15086,1.202055
27.171,1.167857
27.19114,1.121241
27.21129,1.0842
27.23143,1.077125
27.25157,1.093016
27.27171,1.067218
27.29185,1.009264
27.31199,0.9885755
27.33214,0.9885755
27.35228,0.9998579
27.37242,0.9998579
27.39256,0.9828384
27.4127,0.9677802
27.43284,0.9502862
27.45299,0.9024288
27.47313,0.8492352
27.49327,0.8237625
27.51341,0.8089345
27.53355,0.8089345
27.55369,0.7935585
27.57384,0.7933573
27.59398,0.7884345
27.61412,0.7685341
27.63426,0.7756346
27.6544,0.8337043
27.67454,0.8990142
27.69468,0.8990142
27.71483,0.9155767
27.73497,0.8891621
27.75511,0.8709303
27.77525,0.8709303
27.79539,0.8824868
27.81553,0.907079
27.83568,0.906304
27.85582,0.8821047
27.87596,0.8636101
27.8961,0.8751482
27.91624,0.8751482
27.93638,0.8951836
27.95653,0.913701
27.97667,0.9363973
27.99681,0.958839
28.01695,0.958839
28.03709,0.9646122
28.05723,0.9655887
28.07738,0.9785953
28.09752,0.9929649
28.11766,0.9929649
28.1378,1.014146
28.15794,1.036569
28.17808,1.050405
28.19823,1.052942
28.21837,1.067647
28.23851,1.094231
28.25865,1.120779
28.27879,1.15155
28.29893,1.15155
28.31907,1.172484
28.33922,1.190087
28.35936,1.190087
28.3795,1.222747
28.39964,1.257004
28.41978,1.222747
28.43992,1.257004
28.46007,1.277801
28.48021,1.285945
28.50035,1.298525
28.52049,1.298294
28.54063,1.298294
28.56077,1.287593
28.58092,1.28356
28.60106,1.290926
28.6212,1.297338
28.64134,1.289343
28.66148,1.274603
28.68162,1.25797
28.70177,1.234271
28.72191,1.234271
28.74205,1.234271
28.76219,1.213956
28.78233,1.206132
28.80247,1.203505
28.82261,1.195451
28.84276,1.176003
28.8629,1.128843
28.88304,1.072903
28.90318,1.02784
28.92332,1.02784
28.94346,1.023613
28.96361,0.9991912
28.98375,0.9676753
29.00389,0.9383092
29.02403,0.9287731
29.04417,0.9287731
29.06431,0.9075231
29.08446,0.8767926
29.1046,0.8519834
29.12474,0.8519834
29.14488,0.8306693
29.16502,0.8014036
29.18516,0.7809833
29.20531,0.7809833
29.22545,0.7924804
29.24559,0.7982618
29.26573,0.7832615
29.28587,0.7756377
29.30601,0.7847738
29.32615,0.7847738
29.3463,0.8316996
29.36644,0.8513106
29.38658,0.8513106
29.40672,0.8362461
29.42686,0.8386765
29.447,0.848034
29.46715,0.8342849
29.48729,0.8475206
29.50743,0.89305
29.52757,0.89305
29.54771,0.9096189
29.56785,0.9120221
29.588,0.9303864
29.60814,0.9271993
29.62828,0.9292328
29.64842,0.950177
29.66856,0.9634055
29.6887,0.9935263
29.70885,0.9935263
29.72899,0.9935263
29.74913,1.013248
29.76927,1.044788
29.78941,1.013248
29.80955,1.044788
29.82969,1.071841
29.84984,1.099468
29.86998,1.109866
29.89012,1.101714
29.91026,1.102734
29.9304,1.100633
29.95054,1.100633
29.97069,1.108823
29.99083,1.140366
30.01097,1.179961
30.03111,1.199578
30.05125,1.214112
30.07139,1.221822
30.09154,1.221849
30.11168,1.221849
30.13182,1.236597
30.15196,1.236597
30.1721,1.255223
30.19224,1.312032
30.21239,1.339328
30.23253,1.344312
30.25267,1.371529
30.27281,1.399779
30.29295,1.400923
30.31309,1.383715
30.33323,1.383715
30.35338,1.328954
30.37352,1.278552
30.39366,1.242732
30.4138,1.203073
30.43394,1.203073
30.45408,1.167429
30.47423,1.125993
30.49437,1.080835
30.51451,1.044214
30.53465,1.044214
30.55479,1.004439
30.57493,0.9768595
30.59508,0.9507908
30.61522,0.926609
30.63536,0.9118882
30.6555,0.9037526
30.67564,0.922534
30.69578,0.9411063
30.71593,0.9411063
30.73607,0.9140291
30.75621,0.9140291
30.77635,0.8868774
30.79649,0.8579506
30.81663,0.840313
30.83677,0.8381321
30.85692,0.8266162
30.87706,0.8262445
30.8972,0.8389268
30.91734,0.8389268
30.93748,0.842957
30.95762,0.8387375
30.97777,0.8430139
30.99791,0.8482971
31.01805,0.8492518
31.03819,0.8492518
31.05833,0.8567458
31.07847,0.8613003
31.09862,0.8611203
31.11876,0.8611203
31.1389,0.8581712
31.15904,0.8655358
31.17918,0.8678846
31.19932,0.8401068
31.21947,0.827158
31.23961,0.8445871
31.25975,0.8643407
31.27989,0.8890093
31.30003,0.8890093
31.32017,0.9125323
31.34031,0.9397293
31.36046,0.9616008
31.3806,0.9616008
31.40074,0.9902297
31.42088,1.024896
31.44102,0.9902297
31.46116,1.024896
31.48131,1.055543
31.50145,1.092062
31.52159,1.125955
31.54173,1.155295
31.56187,1.155295
31.58201,1.158515
31.60216,1.175788
31.6223,1.21256
31.64244,1.247058
31.66258,1.272428
31.68272,1.285383
31.70286,1.289847
31.72301,1.289847
31.74315,1.289847
31.76329,1.310696
31.78343,1.337844
31.80357,1.366696
31.82371,1.364301
31.84385,1.366696
31.864,1.364301
31.88414,1.34012
31.90428,1.312497
31.92442,1.284196
31.94456,1.251447
31.9647,1.251447
31.98485,1.236516
32.00499,1.2435
32.02513,1.257291
32.04527,1.258206
32.06541,1.241497
32.08556,1.222557
32.1057,1.214399
32.12584,1.214399
32.14598,1.202489
32.16612,1.202489
32.18626,1.18704
32.20641,1.158633
32.22655,1.128386
32.24669,1.158633
32.26683,1.128386
32.28697,1.083815
32.30711,1.04684
32.32726,1.021268
32.3474,0.9939143
32.36754,0.961229
32.38768,0.961229
32.40782,0.9225199
32.42796,0.8996511
32.4481,0.9033316
32.46825,0.9033316
32.48839,0.8998548
32.50853,0.8860785
32.52867,0.8651549
32.54881,0.8860785
32.56895,0.8651549
32.5891,0.8531066
32.60924,0.8552722
32.62938,0.8552722
32.64952,0.8511079
32.66966,0.8216281
32.6898,0.7886261
32.70995,0.7715314
32.73009,0.772039
32.75023,0.772526
32.77037,0.7716795
32.79051,0.7748538
32.81065,0.7748538
32.8308,0.7706388
32.85094,0.7447625
32.87108,0.7447625
32.89122,0.7181368
32.91136,0.7063484
32.9315,0.7291371
32.95164,0.7732704
32.97179,0.8194946
32.99193,0.8508171
33.01207,0.8508171
33.03221,0.8928218
33.05235,0.9504321
33.07249,1.000541
33.09264,1.045442
33.11278,1.078452
33.13292,1.088886
33.15306,1.064797
33.1732,1.027625
33.19334,1.027625
33.21349,1.025966
33.23363,1.025966
33.25377,1.041989
33.27391,1.049217
33.29405,1.081091
33.31419,1.123037
33.33434,1.154641
33.35448,1.175826
33.37462,1.21856
33.39476,1.21856
33.4149,1.283731
33.43504,1.327123
33.45518,1.354442
33.47533,1.367305
33.49547,1.368618
33.51561,1.368618
33.53575,1.366839
33.55589,1.386234
33.57603,1.385702
33.59618,1.385702
33.61632,1.37113
33.63646,1.36336
33.6566,1.357704
33.67674,1.327952
33.69688,1.295822
33.71703,1.260523
33.73717,1.204266
33.75731,1.149136
33.77745,1.149136
33.79759,1.110707
33.81773,1.110707
33.83788,1.083182
33.85802,1.052099
33.87816,1.021664
33.8983,1.011012
33.91844,1.032761
33.93858,1.04923
33.95872,1.061156
33.97887,1.061156
33.99901,1.045614
34.01915,1.028254
34.03929,1.002793
34.05943,0.9891545
34.07957,0.9885739
34.09972,0.9799224
34.11986,0.9512239
34.14,0.9328113
34.16014,0.9328113
34.18028,0.9179434
34.20042,0.9179434
34.22057,0.9048396
34.24071,0.8926443
34.26085,0.8798996
34.28099,0.867784
34.30113,0.8624079
34.32127,0.8582034
34.34142,0.8598059
34.36156,0.8598059
34.3817,0.8478785
34.40184,0.8334273
34.42198,0.8347393
34.44212,0.8379017
34.46227,0.8268945
34.48241,0.8268945
34.50255,0.8209595
34.52269,0.8212991
34.54283,0.8209595
34.56297,0.8212991
34.58311,0.8407531
34.60326,0.8407531
34.6234,0.8576781
34.64354,0.8616892
34.66368,0.8849371
34.68382,0.9117667
34.70396,0.9245175
34.72411,0.9561381
34.74425,0.9895359
34.76439,1.005316
34.78453,1.005316
34.80467,1.02881
34.82481,1.052588
34.84496,1.052588
34.8651,1.064544
34.88524,1.067202
34.90538,1.087699
34.92552,1.140741
34.94566,1.200344
34.96581,1.212896
34.98595,1.200344
35.00609,1.212896
35.02623,1.200344
35.04637,1.212896
35.06651,1.188296
35.08665,1.188481
35.1068,1.219435
35.12694,1.255401
35.14708,1.287417
35.16722,1.308213
35.18736,1.325189
35.2075,1.339723
35.22765,1.339723
35.24779,1.339723
35.26793,1.355324
35.28807,1.35173
35.30821,1.355324
35.32835,1.35173
35.3485,1.371892
35.36864,1.406073
35.38878,1.394621
35.40892,1.350674
35.42906,1.320361
35.4492,1.29815
35.46935,1.320361
35.48949,1.29815
35.50963,1.320361
35.52977,1.29815
35.54991,1.281667
35.57005,1.266557
35.59019,1.237589
35.61034,1.20404
35.63049,1.171871
35.65064,1.171871
35.67078,1.138138
35.69093,1.097542
35.71107,1.059318
35.73121,1.059318
35.75135,1.056515
35.77149,1.061765
35.79163,1.041312
35.81178,1.002417
35.83192,0.9569073
35.85206,0.9114804
35.8722,0.8662919
35.89234,0.82248
35.91248,0.82248
35.93262,0.7808943
35.95277,0.7541091
35.97291,0.7401826
35.99305,0.7401826
36.01319,0.736716
36.03333,0.7248535
36.05347,0.7070299
36.07362,0.7018281
36.09376,0.7069459
36.1139,0.7069459
36.13404,0.7133394
36.15418,0.7246174
36.17432,0.7374461
36.19447,0.7418981
36.21461,0.741129
36.23475,0.738006
36.25489,0.7524076
36.27503,0.777858
36.29517,0.777858
36.31532,0.777858
36.33546,0.8027881
36.3556,0.8364839
36.37574,0.864051
36.39588,0.8670694
36.41602,0.8719503
36.43616,0.8928048
36.45631,0.914136
36.47645,0.9351019
36.49659,0.9351019
36.51673,0.9602441
36.53687,1.011692
36.55701,1.054805
36.57716,1.088092
36.5973,1.107063
36.61744,1.130315
36.63758,1.130315
36.65772,1.162511
36.67786,1.186881
36.69801,1.186881
36.71815,1.204198
36.73829,1.256696
36.75843,1.31009
36.77857,1.358568
36.79871,1.381068
36.81886,1.401847
36.839,1.397279
36.85914,1.369312
36.87928,1.369312
36.89942,1.351218
36.91956,1.35237
36.9397,1.393155
36.95985,1.393155
36.97999,1.416369
37.00013,1.426726
37.02027,1.437743
37.04041,1.42679
37.06055,1.420663
37.0807,1.420663
37.10084,1.375872
37.12098,1.317381
37.14112,1.287647
37.16126,1.237846
37.1814,1.171787
37.20155,1.141128
37.22169,1.103849
37.24183,1.06657
37.26197,1.06657
37.28211,1.048877
37.30225,1.048877
37.3224,1.021891
37.34254,1.004345
37.36268,0.9978564
37.38282,1.006138
37.40296,1.007359
37.4231,0.9930202
37.44324,0.9628965
37.46339,0.9628965
37.48353,0.93676
37.50367,0.9229075
37.52381,0.8979399
37.54395,0.8524684
37.56409,0.8191435
37.58424,0.807088
37.60438,0.809657
37.62452,0.809657
37.64466,0.8108077
37.6648,0.8108077
37.68494,0.7938322
37.70509,0.7790487
37.72523,0.7774611
37.74537,0.7811677
37.76551,0.7800741
37.78565,0.7813349
37.80579,0.7748125
37.82594,0.7691028
37.84608,0.7691028
37.86622,0.7783629
37.88636,0.7875161
37.9065,0.7952559
37.92664,0.7952559
37.94678,0.8031616
37.96693,0.8170789
37.98707,0.8031616
38.00721,0.8170789
38.02735,0.853413
38.04749,0.8946234
38.06763,0.9229348
38.08778,0.9229348
38.10792,0.9468733
38.12806,0.9808667
38.1482,1.000525
38.16834,1.0175
38.18848,1.055007
38.20863,1.088621
38.22877,1.101357
38.24891,1.124617
38.26905,1.124617
38.28919,1.168805
38.30933,1.204416
38.32948,1.204416
38.34962,1.213962
38.36976,1.222229
38.3899,1.247683
38.41004,1.283237
38.43018,1.310952
38.45033,1.328754
38.47047,1.328754
38.49061,1.368069
38.51075,1.422556
38.53089,1.444362
38.55103,1.434894
38.57117,1.419892
38.59132,1.395368
38.61146,1.395368
38.6316,1.390896
38.65174,1.404247
38.67188,1.390896
38.69202,1.404247
38.71217,1.390896
38.73231,1.404247
38.75245,1.387107
38.77259,1.359209
38.79273,1.348705
38.81287,1.327023
38.83302,1.303227
38.85316,1.288672
38.8733,1.267695
38.89344,1.240306
38.91358,1.240306
38.93372,1.201965
38.95387,1.15922
38.97401,1.147306
38.99415,1.12643
39.01429,1.12643
39.03443,1.099868
39.05457,1.088647
39.07471,1.054829
39.09486,1.001059
39.115,0.9484371
39.13514,0.9005826
39.15528,0.9005826
39.17542,0.8453808
39.19556,0.8066533
39.21571,0.7695055
39.23585,0.726751
39.25599,0.6878153
39.27613,0.6622295
39.29627,0.6622295
39.31641,0.664182
39.33656,0.664182
39.3567,0.6699777
39.37684,0.6838907
39.39698,0.7011793
39.41712,0.7011793
39.43726,0.7296377
39.45741,0.7555851
39.47755,0.7526512
39.49769,0.7452893
39.51783,0.7452893
39.53797,0.7876839
39.55811,0.8513967
39.57825,0.8471535
39.5984,0.8089073
39.61854,0.8009858
39.63868,0.8320858
39.65882,0.8623526
39.67896,0.8623526
39.6991,0.8649423
39.71925,0.8649423
39.73939,0.8904112
39.75953,0.9345767
39.77967,1.00361
39.79981,1.047139
39.81995,1.053654
39.8401,1.045255
39.86024,1.031511
39.88038,0.9943678
39.90052,0.9943678
39.92066,0.9921229
39.9408,1.02711
39.96095,1.04536
39.98109,1.057261
40.00123,1.096995
40.02137,1.154401
40.04151,1.204868
40.06165,1.204868
40.08179,1.269526
40.10194,1.269526
40.12208,1.328081
40.14222,1.366246
40.16236,1.381969
40.1825,1.37598
40.20264,1.367574
40.22279,1.360546
40.24293,1.381978
40.26307,1.402147
40.28321,1.402147
40.30335,1.402147
40.32349,1.440539
40.34364,1.46598
40.36378,1.47227
40.38392,1.47227
40.40406,1.445289
40.4242,1.408341
40.44434,1.372003
40.46449,1.346603
40.48463,1.315089
40.50477,1.315089
40.52491,1.296726
40.54505,1.252243
40.56519,1.195304
40.58533,1.127147
40.60548,1.065426
40.62562,1.033767
40.64576,1.029615
40.6659,1.028526
40.68604,1.028526
40.70618,1.028526
40.72633,1.039856
40.74647,1.055
40.76661,1.042041
40.78675,1.003273
40.80689,0.9688545
40.82703,0.9635248
40.84718,0.939349
40.86732,0.8859425
40.88746,0.8859425
40.9076,0.8404133
40.92774,0.8143723
40.94788,0.7734349
40.96803,0.7559586
40.98817,0.7741538
41.00831,0.7741538
41.02845,0.8039214
41.04859,0.8416304
41.06873,0.8425356
41.08887,0.8336413
41.10902,0.8336413
41.12916,0.8146812
41.1493,0.7820452
41.16944,0.7495515
41.18958,0.7387294
41.20972,0.7483368
41.22987,0.756665
41.25001,0.7765663
41.27015,0.7765663
41.29029,0.8108246
41.31043,0.8255355
41.33057,0.8371995
41.35072,0.853109
41.37086,0.853109
41.391,0.8700806
41.41114,0.8960028
41.43128,0.9419516
41.45142,0.9987701
41.47157,0.9419516
41.49171,0.9987701
41.51185,0.9419516
41.53199,0.9987701
41.55213,1.019891
41.57227,1.02843
41.59241,1.063436
41.61256,1.123342
41.6327,1.179114
41.65284,1.178773
41.67298,1.148499
41.69312,1.161915
41.71326,1.161915
41.73341,1.161915
41.75355,1.221301
41.77369,1.243198
41.79383,1.261857
41.81397,1.296252
41.83411,1.325367
41.85426,1.313307
41.8744,1.294153
41.89454,1.286916
41.91468,1.286916
41.93482,1.290539
41.95496,1.30901
41.97511,1.331534
41.99525,1.342689
42.01539,1.357598
42.03553,1.370334
42.05567,1.370334
42.07581,1.371749
42.09595,1.357321
42.1161,1.342749
42.13624,1.342749
42.15638,1.305257
42.17652,1.285063
42.19666,1.268572
42.2168,1.243914
42.23695,1.223152
42.25709,1.185999
42.27723,1.142316
42.29737,1.142316
42.31751,1.104477
42.33765,1.074485
42.3578,1.036718
42.37794,1.006247
42.39808,1.006247
42.41822,0.9800583
42.43836,0.9602931
42.4585,0.9342989
42.47865,0.8952438
42.49879,0.8952438
42.51893,0.8528203
42.53907,0.8319665
42.55921,0.8075507
42.57935,0.7892485
42.59949,0.7725638
42.61964,0.7617776
42.63978,0.7594324
42.65992,0.7530746
42.68006,0.7530746
42.7002,0.7365353
42.72034,0.7324997
42.74049,0.7385539
42.76063,0.7385539
42.78077,0.7393424
42.80091,0.7428102
42.82105,0.7495014
42.84119,0.7773079
42.86134,0.8124471
42.88148,0.7773079
42.90162,0.8124471
42.92176,0.7773079
42.9419,0.8124471
42.96204,0.8229418
42.98219,0.8047935
43.00233,0.8076568
43.02247,0.8298129
43.04261,0.8591752
43.06275,0.8892568
43.08289,0.9100934
43.10303,0.9100934
43.12318,0.9302633
43.14332,0.9302633
43.16346,0.9507677
43.1836,0.9715481
43.20374,0.9990854
43.22388,1.063697
43.24403,1.146706
43.26417,1.192595
43.28431,1.185792
43.30445,1.149935
43.32459,1.149935
43.34473,1.111199
43.36488,1.089413
43.38502,1.125171
43.40516,1.165119
43.4253,1.212749
43.44544,1.212749
43.46558,1.273081
43.48573,1.317037
43.50587,1.327962
43.52601,1.327962
43.54615,1.319978
43.56629,1.300737
43.58643,1.297043
43.60658,1.300548
43.62672,1.288572
43.64686,1.276895
43.667,1.285815
43.68714,1.322023
43.70728,1.322023
43.72742,1.347368
43.74757,1.348939
43.76771,1.348939
43.78785,1.329911
43.80799,1.287797
43.82813,1.329911
43.84827,1.287797
43.86842,1.249991
43.88856,1.235942
43.9087,1.213527
43.92884,1.180259
43.94898,1.180259
43.96912,1.143123
43.98927,1.09815
44.00941,1.041127
44.02955,0.9880952
44.04969,0.9653443
44.06983,0.9753594
44.08997,0.9808528
44.11012,0.9823744
44.13026,0.9823744
44.1504,0.9823744
44.17054,0.9898699
44.19068,0.9919062
44.21082,0.9937088
44.23096,1.002591
44.25111,1.002319
44.27125,0.9863538
44.29139,0.9962148
44.31153,0.9871087
44.33167,0.9871087
44.35181,0.9485027
44.37196,0.907213
44.3921,0.8946211
44.41224,0.9087349
44.43238,0.9505305
44.45252,0.9586437
44.47266,0.9266914
44.49281,0.9458945
44.51295,0.9458945
44.53309,0.9458945
44.55323,0.9922194
44.57337,0.942546
44.59351,0.9067719
44.61366,0.8507965
44.6338,0.8037549
44.65394,0.7636553
44.67408,0.7302859
44.69422,0.7302859
44.71436,0.664605
44.7345,0.6513258
44.75465,0.6412984
44.77479,0.6387763
44.79493,0.6387763
44.81507,0.678607
44.83521,0.7551677
44.85535,0.8313149
44.8755,0.8632379
44.89564,0.8632379
44.91578,0.8651671
44.93592,0.9062064
44.95606,1.008958
44.9762,1.113177
44.99635,1.1866
45.01649,1.235058
45.03663,1.276014
45.05677,1.295564
45.07691,1.295564
45.09705,1.348241
45.1172,1.375795
45.13734,1.375795
45.15748,1.37056
45.17762,1.369952
45.19776,1.37056
45.2179,1.369952
45.23804,1.415587
45.25819,1.433495
45.27833,1.404522
45.29847,1.386525
45.31861,1.386525
45.33875,1.38305
45.35889,1.385219
45.37904,1.405058
45.39918,1.413632
45.41932,1.398323
45.43946,1.386447
45.4596,1.383539
45.47974,1.383539
45.49989,1.361924
45.52003,1.210119
45.54017,1.174625
45.56031,1.174625
45.58045,1.199891
45.60059,1.234537
45.62074,1.255719
45.64088,1.287177
45.66102,1.235683
45.68116,1.135746
45.7013,1.135746
45.72144,1.081925
45.74158,1.064893
45.76173,1.04432
45.78187,1.034775
45.80201,1.023291
45.82215,0.9733632
45.84229,0.9136912
45.86243,0.9136912
45.88258,0.8974619
45.90272,0.9283305
45.92286,0.9283305
45.943,0.9423594
45.96314,0.9421886
45.98328,0.9441952
46.00343,0.9037348
46.02357,0.8525067
46.04371,0.857289
46.06385,0.8631322
46.08399,0.8631322
46.10413,0.8361142
46.12428,0.8243121
46.14442,0.8243121
46.16456,0.8265767
46.1847,0.8481321
46.20484,0.8265767
46.22498,0.8481321
46.24512,0.8725029
46.26527,0.8705133
46.28541,0.8846927
46.30555,0.9242718
46.32569,0.9242718
46.34583,0.8940887
46.36597,0.8658499
46.38612,0.8573505
46.40626,0.8208145
46.4264,0.8327786
46.44654,0.8885214
46.46668,0.9391851
46.48682,0.9796987
46.50697,0.9796987
46.52711,1.030242
46.54725,1.030242
46.56739,1.062273
46.58753,1.034408
46.60767,0.9741426
46.62782,0.9308218
46.64796,0.9741426
46.6681,0.9308218
46.68824,0.8939086
46.70838,0.8272983
46.72852,0.7602671
46.74866,0.7602671
46.76881,0.7213112
46.78895,0.6747996
46.80909,0.7129832
46.82923,0.8601614
46.84937,1.129307
46.86951,1.398557
46.88966,1.398557
46.9098,1.512249
46.92994,1.554663
46.95008,1.554663
46.97022,1.580193
46.99036,1.64105
47.01051,1.64939
47.03065,1.692601
47.05079,1.727601
47.07093,1.746912
47.09107,1.784847
47.11121,1.827217
47.13136,1.827217
47.1515,1.776993
47.17164,1.662639
47.19178,1.664819
47.21192,1.567269
47.23206,1.567269
47.2522,1.490282
47.27235,1.455725
47.29249,1.437156
47.31263,1.455725
47.33277,1.437156
47.35291,1.435669
47.37305,1.435669
47.3932,1.382252
47.41334,1.335148
47.43348,1.308481
47.45362,1.227492
47.47376,1.092201
47.4939,1.017297
47.51405,0.9597917
47.53419,0.8685248
47.55433,0.8685248
47.57447,0.7576363
47.59461,0.7527917
47.61475,0.7527917
47.6349,0.6680718
47.65504,0.6243821
47.67518,0.6203364
47.69532,0.6254923
47.71546,0.6104758
47.7356,0.5848734
47.75574,0.5848734
47.77589,0.6003707
47.79603,0.6207619
47.81617,0.6003707
47.83631,0.6207619
47.85645,0.6400092
47.87659,0.6363506
47.89674,0.6514095
47.91688,0.6869643
47.93702,0.7076474
47.95716,0.7298275
47.9773,0.7298275
47.99744,0.7592037
48.01759,0.7619088
48.03773,0.7637007
48.05787,0.7760761
48.07801,0.7791445
48.09817,0.7782111
48.11831,0.7557223
48.13845,0.7557223
48.15859,0.7411278
48.17873,0.7526535
48.19888,0.7526535
48.21902,0.7750227
48.23916,0.8003846
48.2593,0.8350272
48.27944,0.898537
48.29958,0.9610813
48.31973,0.9464974
48.33987,1.023776
48.36001,1.023776
48.38015,1.325706
48.40029,1.586313
48.42043,1.546985
48.44057,1.451061
48.46072,1.508855
48.48086,1.662332
48.501,1.740238
48.52114,1.740238
48.54128,1.723302
48.56142,1.723302
48.58157,1.718868
48.60171,1.729259
48.62185,1.714092
48.64199,1.680354
48.66213,1.650231
48.68227,1.609526
48.70242,1.560518
48.72256,1.545718
48.7427,1.545718
48.76284,1.501912
48.78298,1.501912
48.80312,1.484495
48.82327,1.478911
48.84341,1.50964
48.86355,1.50326
48.88369,1.494136
48.90383,1.460715
48.92397,1.375426
48.94411,1.375426
48.96426,1.316091
48.9844,1.225603
49.00454,1.149714
49.02468,1.098264
49.04482,1.027129
49.06496,0.9747915
49.08511,0.9468697
49.10525,0.9206354
49.12539,0.9206354
49.14553,0.9265834
49.16567,0.8914795
49.18581,0.8474301
49.20596,0.8474301
49.2261,0.8279591
49.24624,0.8199132
49.26638,0.760349
49.28652,0.7111854
49.30666,0.7197778
49.32681,0.7197778
49.34695,0.6846629
49.36709,0.6254164
49.38723,0.5967352
49.40737,0.590373
49.42751,0.5801054
49.44765,0.5732789
49.4678,0.5732789
49.48794,0.5708601
49.50808,0.5660303
49.52822,0.5708601
49.54836,0.5660303
49.5685,0.5708601
49.58865,0.5660303
49.60879,0.5533586
49.62893,0.5618547
49.64907,0.5824162
49.66921,0.5820214
49.68935,0.5957267
49.7095,0.6478968
49.72964,0.7389584
49.74978,0.8804317
49.76992,0.8804317
49.79006,0.9073945
49.8102,0.9771018
49.83035,1.025355
49.85049,1.025355
49.87063,1.052851
49.89077,1.057772
49.91091,1.098467
49.93105,1.143895
49.95119,1.086097
49.97134,1.086097
49.99148,1.011991
50.01162,1.09568
50.03176,1.191108
50.0519,1.301889
50.07204,1.373347
50.09219,1.422453
50.11233,1.487833
50.13247,1.472013
50.15261,1.472013
50.17275,1.472013
50.19289,1.442008
50.21304,1.462047
50.23318,1.484179
50.25332,1.484179
50.27346,1.511206
50.2936,1.581161
50.31374,1.631517
50.33389,1.644723
50.35403,1.673012
50.37417,1.644723
50.39431,1.673012
50.41445,1.644723
50.43459,1.673012
50.45473,1.616525
50.47488,1.712299
50.49502,1.692381
50.51516,1.569575
50.5353,1.449441
50.55544,1.362964
50.57558,1.362964
50.59573,1.337729
50.61587,1.281603
50.63601,1.337729
50.65615,1.281603
50.67629,1.337729
50.69643,1.281603
50.71658,1.160235
50.73672,1.04738
50.75686,1.160235
50.777,1.04738
50.79714,1.051523
50.81728,1.080216
50.83743,1.037116
50.85757,0.9589852
50.87771,0.9309632
50.89785,0.8859783
50.91799,0.8859783
50.93813,0.8911988
50.95827,0.9725905
50.97842,1.04846
50.99856,1.047506
51.0187,1.047506
51.03884,1.013863
51.05898,0.9436264
51.07912,0.8603689
51.09927,0.8154781
51.11941,0.8154781
51.13955,0.8154781
51.15969,0.8345607
51.17983,0.8497729
51.19997,0.8075634
51.22012,0.7735495
51.24026,0.7902311
51.2604,0.8040663
51.28054,0.7865244
51.30068,0.8019126
51.32082,0.8019126
51.34097,0.8220465
51.36111,0.8220465
51.38125,0.7878604
51.40139,0.7494747
51.42153,0.7532287
51.44167,0.7099707
51.46181,0.7025892
51.48196,0.7614985
51.5021,0.7751069
51.52224,0.7751069
51.54238,0.7421458
51.56252,0.8169582
51.58266,0.8719297
51.60281,0.8846533
51.62295,0.8923301
51.64309,0.9235222
51.66323,0.9545666
51.68337,0.9545666
51.70351,0.9512109
51.72366,0.9734596
51.7438,0.9734596
51.76394,1.006694
51.78408,1.024669
51.80422,1.067184
51.82436,1.112062
51.84451,1.157154
51.86465,1.193325
51.88479,1.197311
51.90493,1.197311
51.92507,1.20791
51.94521,1.243255
51.96535,1.249379
51.9855,1.244138
52.00564,1.253667
52.02578,1.2675
52.04592,1.2675
52.06606,1.290916
52.0862,1.326869
52.10635,1.326869
52.12649,1.347195
52.14663,1.365967
52.16677,1.412655
52.18691,1.484411
52.20705,1.506786
52.2272,1.420692
52.24734,1.32484
52.26748,1.312819
52.28762,1.312819
52.30776,1.322205
52.3279,1.322205
52.34805,1.308563
52.36819,1.301365
52.38833,1.293622
52.40847,1.293622
52.42861,1.271449
52.44875,1.259795
52.46889,1.28153
52.48904,1.259795
52.50918,1.28153
52.52932,1.312245
52.54946,1.312245
52.5696,1.255712
52.58974,1.158957
52.60989,1.087445
52.63003,1.068395
52.65017,1.100459
52.67031,1.105061
52.69045,1.061723
52.71059,1.008639
52.73074,1.008639
52.75088,0.9951559
52.77102,0.9951559
52.79116,1.002394
52.8113,0.9925253
52.83144,0.971374
52.85159,0.9709085
52.87173,0.9873016
52.89187,0.9947162
52.91201,0.996116
52.93215,0.996116
52.95229,0.9981731
52.97243,0.9675963
52.99258,0.9673183
53.01272,0.9132513
53.03286,0.8449567
53.053,0.8449567
53.07314,0.8119003
53.09328,0.8178806
53.11343,0.802963
53.13357,0.802963
53.15371,0.7723965
53.17385,0.7702572
53.19399,0.7719406
53.21413,0.8010927
53.23428,0.8300117
53.25442,0.8315441
53.27456,0.820139
53.2947,0.8536338
53.31484,0.8536338
53.33498,0.9349278
53.35513,0.9194168
53.37527,0.8373078
53.39541,0.7665532
53.41555,0.7686895
53.43569,0.7993893
53.45583,0.8529478
53.47598,0.8529478
53.49612,0.8637729
53.51626,0.8637729
53.5364,0.9622997
53.55654,1.093081
53.57668,1.230921
53.59682,1.275154
53.61697,1.267397
53.63711,1.335514
53.65725,1.424024
53.67739,1.402454
53.69753,1.402454
53.71767,1.336778
53.73782,1.365751
53.75796,1.365751
53.7781,1.381298
53.79824,1.383489
53.81838,1.409875
53.83852,1.431886
53.85867,1.440395
53.87881,1.428531
53.89895,1.428531
53.91909,1.402422
53.93923,1.385896
53.95937,1.39684
53.97952,1.400605
53.99966,1.394938
54.0198,1.401449
54.03994,1.4083
54.06008,1.4083
54.08022,1.4083
54.10036,1.38494
54.12051,1.342858
54.14065,1.291213
54.16079,1.257822
54.18093,1.244804
54.20107,1.235395
54.22121,1.228619
54.24136,1.215394
54.2615,1.215394
54.28164,1.194448
54.30178,1.166004
54.32192,1.138811
54.34206,1.113321
54.36221,1.066525
54.38235,1.01968
54.40249,1.01968
54.42263,1.006431
54.44277,0.9872414
54.46291,0.9872414
54.48306,0.9726926
54.5032,0.9298545
54.52334,0.8932622
54.54348,0.8618184
54.56362,0.8549627
54.58376,0.8722989
54.6039,0.8328623
54.62405,0.8255652
54.64419,0.8255652
54.66433,0.8036471
54.68447,0.8116869
54.70461,0.8116869
54.72475,0.8008314
54.7449,0.8318148
54.76504,0.8449765
54.78518,0.8318148
54.80532,0.8449765
54.82546,0.882198
54.8456,0.9050714
54.86575,0.8815438
54.88589,0.8815438
54.90603,0.8515748
54.92617,0.937612
54.94631,0.9844437
54.96645,0.9870957
54.9866,0.8619363
55.00674,0.8285265
55.02688,0.9205179
55.04702,0.9662287
55.06716,0.9662287
55.0873,0.8903606
55.10744,0.8475465
55.12759,0.7919019
55.14773,0.7919019
55.16787,0.7759144
55.18801,0.7857588
55.20815,0.855505
55.22829,0.9206384
55.24844,0.9372284
55.26858,0.9372284
55.28872,0.9418742
55.30886,1.010706
55.329,1.064391
55.34914,1.096928
55.36929,1.124966
55.38943,1.124966
55.40957,1.177232
55.42971,1.250976
55.44985,1.177232
55.46999,1.250976
55.49014,1.309633
55.51028,1.309633
55.53042,1.335867
55.55056,1.341041
55.5707,1.34969
55.59084,1.365542
55.61098,1.377076
55.63113,1.361896
55.65127,1.336029
55.67141,1.317504
55.69155,1.317504
55.71169,1.306451
55.73183,1.305868
55.75198,1.293172
55.77212,1.263786
55.79226,1.225538
55.8124,1.201842
55.83254,1.184194
55.85268,1.184194
55.87283,1.148718
55.89297,1.148718
55.91311,1.130196
55.93325,1.106753
55.95339,1.087337
55.97353,1.073329
55.99368,1.05204
56.01382,1.029684
56.03396,1.019863
56.0541,1.02346
56.07424,1.02346
56.09438,1.012459
56.11452,1.012459
56.13467,0.9811754
56.15481,0.969707
56.17495,0.9917052
56.19509,0.9917052
56.21523,1.017183
56.23537,0.9917039
56.25552,0.9359249
56.27566,0.9087989
56.2958,0.9087989
56.31594,0.896287
56.33608,0.8856857
56.35622,0.8971201
56.37637,0.8672715
56.39651,0.8179566
56.41665,0.798888
56.43679,0.802578
56.45693,0.8123084
56.47707,0.8123084
56.49722,0.8186134
56.51736,0.8186134
56.5375,0.8578516
56.55764,0.8915142
56.57778,0.9178463
56.59792,0.9178463
56.61806,0.922938
56.63821,0.9369778
56.65835,0.9817222
56.67849,1.043565
56.69863,1.043565
56.71877,1.091954
56.73891,1.136974
56.75906,1.181032
56.7792,1.236856
56.79934,1.209491
56.81948,1.164782
56.83962,1.164782
56.85976,1.161122
56.87991,1.181131
56.90005,1.181131
56.92019,1.201905
56.94033,1.207591
56.96047,1.213174
56.98061,1.235998
57.00076,1.250139
57.0209,1.272044
57.04104,1.329258
57.06118,1.363623
57.08132,1.363623
57.10146,1.318293
57.1216,1.279627
57.14175,1.268993
57.16189,1.245899
57.18203,1.245899
57.20217,1.242202
57.22231,1.258173
57.24245,1.263884
57.2626,1.269905
57.28274,1.269905
57.30288,1.283669
57.32302,1.289509
57.34316,1.27019
57.3633,1.254139
57.38345,1.246232
57.40359,1.232543
57.42373,1.205864
57.44387,1.175305
57.46401,1.175305
57.48415,1.142022
57.5043,1.142022
57.52444,1.113767
57.54458,1.078401
57.56472,1.113767
57.58486,1.078401
57.605,1.051056
57.62514,1.035477
57.64529,1.014195
57.66543,0.9844173
57.68557,0.9546726
57.70571,0.9546726
57.72585,0.9132382
57.74599,0.8853061
57.76614,0.8573731
57.78628,0.825538
57.80642,0.8076052
57.82656,0.8025527
57.8467,0.8025527
57.86684,0.7901008
57.88699,0.7718225
57.90713,0.7718225
57.92727,0.7356705
57.94741,0.7085396
57.96755,0.7137024
57.98769,0.7393366
58.00784,0.7434081
58.02798,0.7145548
58.04812,0.6948434
58.06826,0.7193354
58.0884,0.7193354
58.10854,0.7473074
58.12868,0.7513721
58.14883,0.7537522
58.16897,0.7639837
58.18911,0.7700684
58.20925,0.770689
58.22939,0.770689
58.24953,0.7797149
58.26968,0.8093277
58.28982,0.8093277
58.30996,0.8513748
58.3301,0.8871935
58.35024,0.8985288
58.37038,0.9178239
58.39053,0.9473777
58.41067,0.9804474
58.43081,1.009007
58.45095,1.052129
58.47109,1.052129
58.49123,1.095651
58.51138,1.147281
58.53152,1.189641
58.55166,1.189641
58.5718,1.219355
58.59194,1.236846
58.61208,1.262781
58.63223,1.287036
58.65237,1.307626
58.67251,1.307626
58.69265,1.339086
58.71279,1.354411
58.73293,1.363559
58.75307,1.37935
58.77322,1.391711
58.79336,1.396411
58.8135,1.39853
58.83364,1.397929
58.85378,1.397929
58.87392,1.397929
58.89407,1.403127
58.91421,1.416506
58.93435,1.416858
58.95449,1.419185
58.97463,1.392483
58.99477,1.351525
59.01492,1.348419
59.03506,1.356522
59.0552,1.356522
59.07534,1.332747
59.09548,1.288298
59.11562,1.24011
59.13577,1.19917
59.15591,1.19917
59.17605,1.166294
59.19619,1.130259
59.21633,1.166294
59.23647,1.130259
59.25661,1.086834
59.27676,1.030388
59.2969,1.030388
59.31704,1.003525
59.33718,0.9581833
59.35732,0.9215636
59.37746,1.00748
59.39761,1.179611
59.41775,1.177881
59.43789,1.050377
59.45803,0.994963
59.47817,0.994963
59.49831,0.9727567
59.51846,0.9226749
59.5386,0.8705291
59.55874,0.8705291
59.57888,0.8537985
59.59902,0.85902
59.61916,0.8574917
59.63931,0.8516054
59.65945,0.8340362
59.67959,0.8340362
59.69973,0.8006318
59.71987,0.7660068
59.74001,0.7339151
59.76015,0.7044501
59.7803,0.7031313
59.80044,0.7297367
59.82058,0.7465375
59.84072,0.7679592
59.86086,0.7679592
59.881,0.7950132
59.90115,0.8293263
59.92129,0.8592302
59.94143,0.8813204
59.96157,0.8813204
59.98171,0.9017683
60.00185,0.9162443
60.022,0.9335222
60.04214,0.95772
60.06228,0.95772
60.08242,0.9756124
60.10256,1.020827
60.1227,1.044688
60.14285,1.061351
60.16299,1.109474
60.18313,1.175287
60.20327,1.175287
60.22341,1.228572
60.24355,1.279272
60.26369,1.228572
60.28384,1.279272
60.30398,1.228572
60.32412,1.279272
60.34426,1.311035
60.3644,1.333038
60.38454,1.330917
60.40469,1.333038
60.42483,1.330917
60.44497,1.321444
60.46511,1.310861
60.48525,1.299646
60.50539,1.286279
60.52554,1.293489
60.54568,1.293489
60.56582,1.292555
60.58596,1.284701
60.6061,1.305834
60.62624,1.305834
60.64639,1.346564
60.66653,1.362439
60.68667,1.346564
60.70681,1.362439
60.72695,1.375732
60.74709,1.395049
60.76721,1.363525
60.78733,1.363525
60.80747,1.306272
60.82761,1.295504
60.84776,1.302414
60.8679,1.315807
60.88804,1.300572
60.90818,1.244531
60.92832,1.186165
60.94846,1.186165
60.96861,1.121754
60.98875,1.121754
61.00889,1.090283
61.02903,1.09984
61.04917,1.130236
61.06931,1.140655
61.08945,1.140655
61.1096,1.127398
61.12974,1.091059
61.14988,1.127398
61.17002,1.091059
61.19016,1.034547
61.2103,1.034547
61.23045,0.9700507
61.25059,0.9123726
61.27073,0.8794822
61.29087,0.8457394
61.31101,0.8006756
61.33115,0.7566319
61.3513,0.7336298
61.37144,0.7308325
61.39158,0.7308325
61.41172,0.7308325
61.43186,0.7411229
61.452,0.7579281
61.47215,0.7767706
61.49229,0.7846928
61.51243,0.7786399
61.53257,0.7802409
61.55271,0.8062366
61.57285,0.8288534
61.59299,0.8288534
61.61314,0.834365
61.63328,0.8318136
61.65342,0.8436782
61.67356,0.850807
61.6937,0.861061
61.71384,0.8807813
61.73399,0.8807813
61.75413,0.8899003
61.77427,0.9051388
61.79441,0.9051388
61.81455,0.9500571
61.83469,0.980747
61.85484,1.007115
61.87498,1.007115
61.89512,1.035929
61.91526,1.077111
61.9354,1.107411
61.95554,1.129418
61.97569,1.138868
61.99583,1.138868
62.01597,1.145352
62.03611,1.184002
62.05625,1.191512
62.07639,1.188878
62.09653,1.213481
62.11668,1.194674
62.13682,1.194674
62.15696,1.177413
62.1771,1.197643
62.19724,1.197643
62.21738,1.196462
62.23753,1.240324
62.25767,1.305125
62.27781,1.365992
62.29795,1.440701
62.31809,1.49407
62.33823,1.392221
62.35838,1.162056
62.37852,1.162056
62.39866,1.162056
62.4188,0.9781299
62.43894,0.9395667
62.45908,0.9781299
62.47923,0.9395667
62.49937,1.039621
62.51951,1.195128
62.53965,1.311919
62.55979,1.343663
62.57993,1.310708
62.60007,1.270942
62.62022,1.270942
62.64036,1.220468
62.6605,1.16712
62.68064,1.125207
62.70078,1.106172
62.72092,1.086827
62.74107,1.051982
62.76121,1.007279
62.78135,0.9714274
62.80149,0.9714274
62.82163,0.9714274
62.84177,0.9477829
62.86192,0.9428879
62.88206,0.94195
62.9022,0.9309028
62.92234,0.9112161
62.94248,0.9072959
62.96262,0.9178622
62.98277,0.9153968
63.00291,0.9153968
63.02305,0.887008
63.04319,0.8503107
63.06333,0.8206798
63.08347,0.8028383
63.10361,0.7862934
63.12376,0.7616613
63.1439,0.7521586
63.16404,0.7517043
63.18418,0.7517043
63.20432,0.7517043
63.22446,0.7472333
63.24461,0.7420462
63.26475,0.7454404
63.28489,0.7545681
63.30503,0.7634681
63.32517,0.785166
63.34531,0.8208566
63.36546,0.8484559
63.3856,0.8484559
63.40574,0.8635141
63.42588,0.8792592
63.44602,0.896381
63.46616,0.9064385
63.48631,0.9064385
63.50645,0.9126282
63.52659,0.9342114
63.54673,0.9742343
63.56687,0.994522
63.58701,0.994522
63.60715,0.9753952
63.6273,0.975346
63.64744,1.006139
63.66758,1.049235
63.68772,1.090544
63.70786,1.134333
63.728,1.146746
63.74815,1.146746
63.76829,1.129979
63.78843,1.140067
63.80857,1.140067
63.82871,1.195607
63.84885,1.222906
63.869,1.195607
63.88914,1.222906
63.90928,1.268986
63.92942,1.323422
63.94956,1.319452
63.9697,1.319452
63.98985,1.267099
64.00999,1.222586
64.03013,1.222586
64.05027,1.181571
64.07041,1.18353
64.09055,1.185711
64.11069,1.167612
64.13084,1.167612
64.15098,1.162303
64.17112,1.169866
64.19126,1.162303
64.2114,1.169866
64.23154,1.179366
64.25169,1.195999
64.27183,1.195999
64.29197,1.253823
64.31211,1.334156
64.33225,1.399575
64.35239,1.397065
64.37254,1.374381
64.39268,1.370034
64.41282,1.3643
64.43296,1.336272
64.4531,1.336272
64.47324,1.318591
64.49339,1.290357
64.51353,1.248042
64.53367,1.18195
64.55381,1.094703
64.57395,1.094703
64.59409,1.016186
64.61423,0.9516551
64.63438,0.9028906
64.65452,0.9028906
64.67466,0.856802
64.6948,0.8182961
64.71494,0.8009377
64.73508,0.7716123
64.75523,0.7357602
64.77537,0.7142704
64.79551,0.7266383
64.81565,0.759891
64.83579,0.759891
64.85593,0.7822026
64.87608,0.806161
64.89622,0.8238155
64.91636,0.8238155
64.9365,0.8334708
64.95664,0.8507497
64.97678,0.88011
64.99693,0.8972476
65.01707,0.9001606
65.03721,0.9001606
65.05735,0.9153477
65.07749,0.9455728
65.09763,0.958903
65.11777,0.9465904
65.13792,0.9250081
65.15806,0.9086652
65.1782,0.9397092
65.19834,0.9846605
65.21848,0.9846605
65.23862,0.9846605
65.25877,1.004416
65.27891,1.023707
65.29905,1.059697
65.31919,1.081482
65.33933,1.096998
65.35947,1.103806
65.37962,1.11733
65.39976,1.138134
65.4199,1.138134
65.44004,1.135642
65.46018,1.132033
65.48032,1.148734
65.50047,1.164638
65.52061,1.166742
65.54075,1.166742
65.56089,1.167623
65.58103,1.151781
65.60117,1.167623
65.62132,1.151781
65.64146,1.135653
65.6616,1.135653
65.68174,1.135117
65.70188,1.124346
65.72202,1.120301
65.74216,1.124538
65.76231,1.139605
65.78245,1.149976
65.80259,1.162255
65.82273,1.185298
65.84287,1.185298
65.86301,1.185298
65.88316,1.198245
65.9033,1.1924
65.92344,1.198245
65.94358,1.1924
65.96372,1.194194
65.98386,1.189945
66.00401,1.177298
66.02415,1.168813
66.04429,1.168877
66.06443,1.168813
66.08457,1.168877
66.10471,1.168837
66.12486,1.168837
66.145,1.135826
66.16514,1.120459
66.18528,1.101746
66.20542,1.081101
66.22556,1.066819
66.2457,1.060056
66.26585,1.041117
66.28599,1.005768
66.30613,1.005768
66.32627,1.005768
66.34641,0.9867543
66.36655,0.9724858
66.3867,0.9867543
66.40684,0.9724858
66.42698,0.9484408
66.44712,0.9250886
66.46726,0.8944451
66.4874,0.8538715
66.50755,0.8663731
66.52769,0.8663731
66.54783,0.8986589
66.56797,0.884495
66.58811,0.8564266
66.60825,0.8513728
66.6284,0.8419139
66.64854,0.8275654
66.66868,0.8176901
66.68882,0.8085616
66.70896,0.8085616
66.7291,0.8085616
66.74924,0.8028546
66.76939,0.7989167
66.78953,0.79835
66.80967,0.7913507
66.82981,0.7953192
66.84995,0.8161818
66.87009,0.8442272
66.89024,0.8484812
66.91038,0.8484812
66.93052,0.8529062
66.95066,0.8610528
66.9708,0.8766459
66.99094,0.8766459
67.01109,0.8976309
67.03123,0.9214245
67.05137,0.8976309
67.07151,0.9214245
67.09165,0.962956
67.11179,1.009776
67.13194,1.032285
67.15208,1.032285
67.17222,1.053194
67.19236,1.078319
67.2125,1.098793
67.23264,1.107844
67.25278,1.099083
67.27293,1.084934
67.29307,1.087848
67.31321,1.106852
67.33335,1.106852
67.35349,1.137834
67.37363,1.137834
67.39378,1.183664
67.41392,1.228411
67.43406,1.262121
67.4542,1.26563
67.47434,1.262121
67.49448,1.26563
67.51463,1.246238
67.53477,1.222078
67.55491,1.238798
67.57505,1.238798
67.59519,1.297873
67.61533,1.291558
67.63548,1.260405
67.65562,1.272175
67.67576,1.28784
67.6959,1.253761
67.71604,1.23252
67.73618,1.25909
67.75632,1.25909
67.77647,1.25909
67.79661,1.275894
67.81675,1.247004
67.83689,1.203931
67.85703,1.247004
67.87717,1.203931
67.89732,1.165752
67.91746,1.149153
67.9376,1.158951
67.95774,1.179539
67.97788,1.205809
67.99802,1.205809
68.01817,1.214249
68.03831,1.197143
68.05845,1.157322
68.07859,1.097484
68.09873,1.030538
68.11887,0.9753265
68.13902,0.9289858
68.15916,0.9289858
68.1793,0.8691819
68.19944,0.8691819
68.21958,0.8240873
68.23972,0.8156422
68.25986,0.8107103
68.28001,0.7976984
68.30015,0.7865039
68.32029,0.7789508
68.34043,0.7815779
68.36057,0.7919309
68.38071,0.7919309
68.40086,0.7919309
68.421,0.8064186
68.44114,0.8292425
68.46128,0.8389545
68.48142,0.8366146
68.50156,0.8366146
68.52171,0.8588227
68.54185,0.8963914
68.56199,0.9125929
68.58213,0.9191186
68.60227,0.9449549
68.62241,0.9449549
68.64256,0.9705057
68.6627,0.9830004
68.68284,0.9832118
68.70298,0.9743624
68.72312,0.9752756
68.74326,0.9966606
68.7634,1.017735
68.78355,1.017735
68.80369,1.015007
68.82383,1.015007
68.84397,1.016518
68.86411,1.019925
68.88425,1.032508
68.9044,1.053129
68.92454,1.07288
68.94468,1.087647
68.96482,1.104564
68.98496,1.104564
69.0051,1.152239
69.02525,1.19754
69.04539,1.206103
69.06553,1.19267
69.08567,1.195838
69.10581,1.192305
69.12595,1.180779
69.1461,1.180779
69.16624,1.176245
69.18638,1.176245
69.20652,1.193281
69.22666,1.206879
69.2468,1.196708
69.26694,1.177041
69.28709,1.164955
69.30723,1.172726
69.32737,1.20456
69.34751,1.225068
69.36765,1.225068
69.38779,1.224339
69.40794,1.215407
69.42808,1.181423
69.44822,1.142039
69.46836,1.142039
69.4885,1.119754
69.50864,1.101244
69.52879,1.089364
69.54893,1.089364
69.56907,1.092358
69.58921,1.092358
69.60935,1.089823
69.62949,1.07263
69.64964,1.043421
69.66978,1.018045
69.68992,1.007103
69.71006,0.9880532
69.7302,0.9662579
69.75034,0.9662579
69.77048,0.948846
69.79063,0.9403349
69.81077,0.916787
69.83091,0.916787
69.85105,0.8881826
69.87119,0.8750085
69.89133,0.8739491
69.91148,0.872536
69.93162,0.8663793
69.95176,0.8540847
69.9719,0.8540847
69.99204,0.8332893
70.01218,0.8178867
70.03233,0.8209769
70.05247,0.8174461
70.07261,0.8041304
70.09275,0.7959455
70.11289,0.7959455
70.13303,0.7965946
70.15318,0.7993942
70.17332,0.7993942
70.19346,0.8141732
70.2136,0.8240759
70.23374,0.8270899
70.25388,0.8502731
70.27402,0.8653339
70.29417,0.8784851
70.31431,0.9135675
70.33445,0.9331936
70.35459,0.9331936
70.37473,0.9488787
70.39487,0.9585481
70.41502,0.9831036
70.43516,0.9831036
70.4553,1.006602
70.47544,1.015471
70.49558,1.004274
70.51572,1.015471
70.53587,1.004274
70.55601,0.9889201
70.57615,1.014933
70.59629,1.014933
70.61643,1.047651
70.63657,1.108216
70.65672,1.154687
70.67686,1.17063
70.697,1.176144
70.71714,1.190915
70.73728,1.203268
70.75742,1.208262
70.77757,1.208262
70.79771,1.205409
70.81785,1.213684
70.83799,1.213684
70.85813,1.224291
70.87827,1.2371
70.89841,1.245452
70.91856,1.247329
70.9387,1.230661
70.95884,1.203906
70.97898,1.203906
70.99912,1.130072
71.01926,1.068094
71.03941,1.057513
71.05955,1.09434
71.07969,1.103257
71.09983,1.103257
71.11997,1.048737
71.14011,1.025168
71.16026,1.099407
71.1804,1.099407
71.20054,1.235222
71.22068,1.345613
71.24082,1.380402
71.26096,1.380527
71.28111,1.364363
71.30125,1.31832
71.32139,1.237679
71.34153,1.237679
71.36167,1.150597
71.38181,1.086047
71.40195,1.026371
71.4221,1.026371
71.44224,0.9654783
71.46238,0.926799
71.48252,0.9049346
71.50266,0.8941115
71.5228,0.8880193
71.54295,0.8880193
71.56309,0.8769243
71.58323,0.8646929
71.60337,0.8596997
71.62351,0.845145
71.64365,0.8321582
71.6638,0.8207409
71.68394,0.8191752
71.70408,0.8293966
71.72422,0.8293966
71.74436,0.8428704
71.7645,0.8400911
71.78465,0.8400911
71.80479,0.855763
71.82493,0.8655059
71.84507,0.8627223
71.86521,0.8574852
71.88535,0.8755603
71.90549,0.8969886
71.92564,0.8969886
71.94578,0.9193316
71.96592,0.9428666
71.98606,0.9506585
72.0062,0.9636751
72.02634,1.007536
72.04649,1.098612
72.06663,1.153502
72.08677,1.176157
72.10691,1.176157
72.12705,1.062564
72.14719,1.062564
72.16734,0.9424424
72.18748,0.9210463
72.20762,0.9936913
72.22776,1.08345
72.2479,1.149699
72.26804,1.151478
72.28819,1.150565
72.30833,1.150565
72.32847,1.218599
72.34861,1.314023
72.36875,1.382526
72.38889,1.379389
72.40903,1.296757
72.42918,1.183587
72.44932,1.117941
72.46946,1.117941
72.4896,1.070857
72.50974,1.070857
72.52988,1.028776
72.55003,0.9953308
72.57017,0.9795598
72.59031,0.9755632
72.61045,0.9987046
72.63059,1.038575
72.65073,1.091589
72.67088,1.158935
72.69102,1.158935
72.71116,1.187697
72.7313,1.183744
72.75144,1.189208
72.77158,1.185075
72.79173,1.159372
72.81187,1.147365
72.83201,1.147365
72.85215,1.147709
72.87229,1.145786
72.89243,1.145786
72.91257,1.125467
72.93272,1.088121
72.95286,1.047218
72.973,1.01511
72.99314,0.9775408
73.01328,0.94231
73.03342,0.9208801
73.05357,0.9094121
73.07371,0.9094121
73.09385,0.9045958
73.11399,0.9045958
73.13413,0.8850308
73.15427,0.8789816
73.17442,0.8806219
73.19456,0.8773729
73.2147,0.8750501
73.23484,0.8648182
73.25498,0.8411651
73.27512,0.8411651
73.29527,0.8257324
73.31541,0.8255357
73.33556,0.8069773
73.3557,0.7866431
73.37584,0.7793033
73.39598,0.7828841
73.41612,0.793369
73.43626,0.793369
73.45641,0.8056012
73.47655,0.8056012
73.49669,0.820147
73.51683,0.862114
73.53697,0.8962634
73.55711,0.862114
73.57726,0.8962634
73.5974,0.9091763
73.61754,0.9136839
73.63768,0.9246159
73.65782,0.9414138
73.67796,0.967649
73.6981,0.967649
73.71825,0.9885547
73.73839,0.9885547
73.75853,1.010921
73.77867,1.024278
73.79881,1.036977
73.81895,1.036977
73.8391,1.037464
73.85924,1.043891
73.87938,1.063769
73.89952,1.079626
73.91966,1.079626
73.9398,1.102613
73.95995,1.122834
73.98009,1.137953
74.00023,1.131586
74.02037,1.126127
74.04051,1.152179
74.06065,1.201186
74.0808,1.256511
74.10094,1.256511
74.12108,1.31542
74.14122,1.302162
74.16136,1.302162
74.1815,1.237199
74.20164,1.148479
74.22179,1.061107
74.24193,0.9723743
74.26207,0.9723743
74.28221,0.9273574
74.30235,0.9544115
74.32249,0.9544115
74.34264,1.001218
74.36278,1.014931
74.38292,1.02522
74.40306,1.055027
74.4232,1.113303
74.44334,1.18536
74.46349,1.240555
74.48363,1.264
74.50377,1.264
74.52391,1.281858
74.54405,1.305687
74.56419,1.305687
74.58434,1.31195
74.60448,1.270414
74.62462,1.196022
74.64476,1.154119
74.6649,1.145268
74.68504,1.104858
74.70518,1.104858
74.72533,1.04424
74.74547,1.009808
74.76561,1.002116
74.78575,0.9967583
74.80589,0.9741997
74.82603,0.9741997
74.84618,0.9488464
74.86632,0.9368036
74.88646,0.9537277
74.9066,0.9537277
74.92674,0.9699365
74.94688,0.9723378
74.96703,0.959417
74.98717,0.9535214
75.00731,0.9422058
75.02745,0.8931867
75.04759,0.8106557
75.06773,0.7600188
75.08788,0.7600188
75.10802,0.7595136
75.12816,0.795775
75.1483,0.795775
75.16844,0.8521518
75.18858,0.8880271
75.20872,0.8521518
75.22887,0.8880271
75.24901,0.8931717
75.26915,0.8680878
75.28929,0.865815
75.30943,0.865815
75.32957,0.8807313
75.34972,0.888951
75.36986,0.8990163
75.39,0.9282193
75.41014,0.9762648
75.43028,1.021984
75.45042,1.056229
75.47057,1.09153
75.49071,1.09153
75.51085,1.128266
75.53099,1.128266
75.55113,1.050451
75.57127,0.9207683
75.59142,0.8484509
75.61156,0.8484509
75.6317,0.8495985
75.65184,0.8902625
75.67198,0.9593905
75.69212,1.030683
75.71227,1.030683
75.73241,1.090275
75.75255,1.14449
75.77269,1.161387
75.79283,1.147445
75.81297,1.111016
75.83311,1.059322
75.85326,1.020134
75.8734,1.020134
75.89354,1.00867
75.91368,1.00867
75.93382,1.009366
75.95396,1.010611
75.97411,1.031186
75.99425,1.057584
76.01439,1.08693
76.03453,1.057584
76.05467,1.08693
76.07481,1.112721
76.09496,1.147227
76.1151,1.164536
76.13524,1.164536
76.15538,1.165639
76.17552,1.151766
76.19566,1.130882
76.21581,1.107668
76.23595,1.088478
76.25609,1.073174
76.27623,1.065934
76.29637,1.066271
76.31651,1.066271
76.33665,1.066271
76.3568,1.044502
76.37694,1.023546
76.39708,1.014205
76.41722,1.004689
76.43736,1.006125
76.4575,1.018812
76.47765,1.017682
76.49779,1.022601
76.51793,1.022601
76.53807,1.030873
76.55821,1.027412
76.57835,1.008932
76.5985,0.9873757
76.61864,0.9873757
76.63878,0.9571487
76.65892,0.9333414
76.67906,0.9316983
76.6992,0.9298754
76.71935,0.9298754
76.73949,0.9128152
76.75963,0.9014481
76.77977,0.9045426
76.79991,0.9005014
76.82005,0.8906424
76.84019,0.8950089
76.86034,0.9076707
76.88048,0.9153778
76.90062,0.9153778
76.92076,0.9153778
76.9409,0.9298821
76.96104,0.9424542
76.98119,0.9610001
77.00133,0.9690189
77.02147,0.9576491
77.04161,0.9383582
77.06175,0.9282156
77.08189,0.9300145
77.10204,0.9300145
77.12218,0.9237531
77.14232,0.9247369
77.16246,0.9326562
77.1826,0.9513469
77.20274,0.9609988
77.22289,0.9777387
77.24303,0.9777387
77.26317,1.017644
77.28331,1.04826
77.30345,1.04826
77.32359,1.056936
77.34373,1.047231
77.36388,1.029338
77.38402,1.008336
77.40416,0.9910735
77.4243,0.9892451
77.44444,1.006077
77.46458,1.024813
77.48473,1.024813
77.50487,1.028705
77.52501,1.053777
77.54515,1.077415
77.56529,1.077415
77.58543,1.060729
77.60558,1.040511
77.62572,1.030896
77.64586,1.040511
77.666,1.030896
77.68614,1.030845
77.70628,1.042036
77.72643,1.042036
77.74657,1.080848
77.76671,1.10971
77.78685,1.126447
77.80699,1.15539
77.82713,1.181623
77.84727,1.182099
77.86742,1.166432
77.88756,1.157402
77.9077,1.157402
77.92784,1.157402
77.94798,1.157294
77.96812,1.173368
77.98827,1.18769
78.00841,1.188248
78.02855,1.174309
78.04869,1.147355
78.06883,1.108942
78.08897,1.073709
78.10912,1.073709
78.12926,1.020378
78.1494,0.982913
78.16954,0.9738587
78.18968,0.9958336
78.20982,1.025317
78.22997,1.025317
78.25011,1.052437
78.27025,1.077043
78.29039,1.069407
78.31053,1.069407
78.33067,1.069407
78.35081,1.012362
78.37096,0.9444001
78.3911,0.8986757
78.41124,0.8767861
78.43138,0.8950698
78.45152,0.9218131
78.47166,0.9269952
78.49181,0.9327788
78.51195,0.9327788
78.53209,0.9548346
78.55223,0.9738567
78.57237,0.9908316
78.59251,0.9908316
78.61266,0.9788817
78.6328,0.9320461
78.65294,0.8816154
78.67308,0.857398
78.69322,0.8361329
78.71336,0.8361329
78.73351,0.8168903
78.75365,0.8135724
78.77379,0.8459393
78.79393,0.8135724
78.81407,0.8459393
78.83421,0.880911
78.85435,0.9171218
78.8745,0.9601908
78.89464,0.9831392
78.91478,0.9831392
78.93492,0.9791898
78.95506,0.9791898
78.9752,0.9900743
78.99535,0.989136
79.01549,0.95653
79.03563,0.941361
79.05577,0.9618405
79.07591,0.9874022
79.09605,1.003782
79.1162,1.003782
79.13634,1.027299
79.15648,1.049362
79.17662,1.060086
79.19676,1.032918
79.2169,1.003997
79.23705,0.9776483
79.25719,0.9473752
79.27733,0.9516578
79.29747,0.9516578
79.31761,0.9516578
79.33775,0.971115
79.35789,0.9740915
79.37804,0.9969499
79.39818,1.039484
79.41832,1.069332
79.43846,1.039484
79.4586,1.069332
79.47874,1.085682
79.49889,1.071844
79.51903,1.037076
79.53917,1.037076
79.55931,1.015091
79.57945,1.006127
79.59959,1.000594
79.61974,1.011859
79.63988,1.024446
79.66002,1.015825
79.68016,1.021115
79.7003,1.031769
79.72044,1.031769
79.74059,1.03667
79.76073,1.03667
79.78087,1.024813
79.80101,1.017416
79.82115,1.022511
79.84129,1.035987
79.86143,1.066494
79.88158,1.09371
79.90172,1.104523
79.92186,1.104523
79.942,1.132887
79.96214,1.148246
79.98228,1.148246
80.00243,1.12093
80.02257,1.09564
80.04271,1.089591
80.06285,1.081067
80.08299,1.081067
80.10313,1.07247
80.12328,1.059609
80.14342,1.059609
80.16356,1.034081
80.1837,1.010117
80.20384,0.9987999
80.22398,0.9894266
80.24413,0.9835243
80.26427,0.9887476
80.28441,0.9968027
80.30455,1.002113
80.32469,1.002113
80.34483,0.9929852
80.36497,0.9825796
80.38512,0.9825796
80.40526,0.983367
80.4254,0.9868261
80.44554,0.983367
80.46568,0.9868261
80.48582,0.9807566
80.50597,0.9640276
80.52611,0.9599594
80.54625,0.9678639
80.56639,0.9678639
80.58653,0.9633909
80.60667,0.9429986
80.62682,0.923628
80.64696,0.9132517
80.6671,0.9175228
80.68724,0.921755
80.70738,0.911656
80.72752,0.911656
80.74767,0.9078671
80.76781,0.9031211
80.78795,0.9031211
80.80809,0.8963327
80.82823,0.8958357
80.84837,0.8971171
80.86852,0.9020598
80.88866,0.9187574
80.9088,0.9470715
80.92894,0.9724883
80.94908,0.9724883
80.96922,0.9763875
80.98936,0.9783144
81.00951,0.9845034
81.02965,0.9940623
81.04979,0.9940623
81.06993,1.001819
81.09007,1.008071
81.11021,1.007591
81.13036,1.001118
81.1505,1.001118
81.17064,1.001118
81.19078,1.007908
81.21092,1.029513
81.23106,1.048298
81.25121,1.088885
81.27135,1.111713
81.29149,1.114878
81.31163,1.136931
81.33177,1.143996
81.35191,1.143996
81.37206,1.173004
81.3922,1.24194
81.41234,1.24194
81.43248,1.278845
81.45262,1.27431
81.47276,1.239182
81.4929,1.263508
81.51305,1.436162
81.53319,1.421556
81.55333,1.421556
81.57347,1.2015
81.59361,1.10443
81.61375,1.085097
81.6339,1.101374
81.65404,1.061975
81.67418,1.045114
81.69432,1.125448
81.71446,1.120261
81.7346,1.120261
81.75475,1.057883
81.77489,1.057883
81.79503,0.9993043
81.81517,0.9970193
81.83531,0.9993043
81.85545,0.9970193
81.8756,1.001539
81.89574,0.9916211
81.91588,0.9771591
81.93602,0.9582295
81.95616,0.9524372
81.9763,0.9524372
81.99644,0.9706304
82.01659,0.9815682
82.03673,0.9938006
82.05687,1.016246
82.07701,1.019075
82.09715,1.015975
82.11729,1.008645
82.13744,1.008645
82.15758,0.9768539
82.17772,0.9768539
82.19786,0.9367333
82.218,0.8943413
82.23814,0.8571467
82.25829,0.8419454
82.27843,0.8381335
82.29857,0.828567
82.31871,0.8252724
82.33885,0.8518348
82.35899,0.8518348
82.37914,0.8680111
82.39928,0.8824916
82.41942,0.96298
82.43956,1.080513
82.4597,1.112976
82.47984,1.112976
82.49998,1.087666
82.52013,1.111961
82.54027,1.111961
82.56041,1.146199
82.58055,1.088517
82.60069,1.073586
82.62083,1.095123
82.64098,1.129192
82.66112,1.221785
82.68126,1.307736
82.7014,1.205838
82.72154,1.205838
82.74168,1.182842
82.76183,1.263925
82.78197,1.263925
82.80211,1.216037
82.82225,1.16847
82.84239,1.103318
82.86253,1.004976
82.88268,0.9583164
82.90282,0.9485301
82.92296,0.9485301
82.9431,0.9204658
82.96324,0.9552643
82.98338,0.987184
83.00352,0.9990892
83.02367,1.011612
83.04381,1.040799
83.06395,1.065641
83.08409,1.070933
83.10423,1.070933
83.12437,1.070933
83.14452,1.067364
83.16466,1.059108
83.1848,1.012596
83.20494,0.9730914
83.22508,1.012596
83.24522,0.9730914
83.26537,0.9417441
83.28551,0.9310313
83.30565,0.9462273
83.32579,0.9438125
83.34593,0.9438125
83.36607,0.9037703
83.38622,0.8887292
83.40636,0.8851683
83.4265,0.8662044
83.44664,0.8913379
83.46678,0.9606587
83.48692,0.9769467
83.50706,0.9769467
83.52721,0.9627587
83.54735,0.9627587
83.56749,0.9765366
83.58763,0.9716547
83.60777,0.9749199
83.62791,0.9703813
83.64806,0.9838106
83.6682,1.01412
83.68834,1.017529
83.70848,0.9819033
83.72862,0.9819033
83.74876,0.9843632
83.76891,0.9800844
83.78905,0.961577
83.80919,0.958108
83.82933,0.9625531
83.84947,0.9625531
83.86961,0.9649671
83.88976,0.9753631
83.9099,0.9768669
83.93004,0.9768669
83.95018,1.016189
83.97032,1.035972
83.99046,0.9945168
84.0106,0.966923
84.03075,0.963055
84.05089,0.9593838
84.07103,0.9719707
84.09117,1.005199
84.11131,1.005199
84.13145,1.026837
84.1516,0.9970937
84.17174,0.9970937
84.19188,0.9626561
84.21202,1.003574
84.23216,1.049244
84.2523,1.038656
84.27245,1.001104
84.29259,0.9868172
84.31273,0.9868172
84.33287,1.002785
84.35301,0.9787455
84.37315,0.9448116
84.3933,0.9578444
84.41344,0.9888979
84.43358,1.008334
84.45372,1.043108
84.47386,1.043108
84.494,1.061191
84.51414,1.041117
84.53429,1.041117
84.55443,1.007775
84.57457,1.006497
84.59471,1.007775
84.61485,1.006497
84.63499,1.021822
84.65514,1.020743
84.67528,1.020632
84.69542,1.011793
84.71556,0.9944891
84.7357,0.9944891
84.75584,0.9903354
84.77599,0.9971657
84.79613,1.024567
84.81627,1.040736
84.83641,1.017581
84.85655,0.9798329
84.87669,0.9950205
84.89684,0.9950205
84.91698,1.029191
84.93712,1.029191
84.95726,1.0343
84.9774,1.041632
84.99754,1.035385
85.01768,1.005131
85.03783,0.9831108
85.05797,0.9499111
85.07811,0.9146159
85.09825,0.8836465
85.11839,0.8836465
85.13853,0.8902588
85.15868,0.9129365
85.17882,0.9367942
85.19896,0.9367942
85.2191,0.9549059
85.23924,0.9758098
85.25938,0.9640154
85.27953,0.9344358
85.29967,0.9749057
85.31981,0.9749057
85.33995,1.022014
85.36009,1.03258
85.38023,1.022768
85.40038,1.01451
85.42052,1.006591
85.44066,0.999276
85.4608,1.016278
85.48094,1.04497
85.50108,1.04497
85.52122,1.04497
85.54137,1.123574
85.56151,1.176156
85.58165,1.121941
85.60179,1.104911
85.62193,1.101472
85.64207,1.070994
85.66222,1.123334
85.68236,1.123334
85.7025,1.211009
85.72264,1.150346
85.74278,1.059776
85.76292,1.03457
85.78307,0.9959446
85.80321,0.9076088
85.82335,0.9076088
85.84349,0.8517967
85.86364,0.8697484
85.88378,0.8517967
85.90393,0.8697484
85.92407,0.9104821
85.94421,0.9104821
85.96436,0.9205734
85.9845,0.9452667
86.00464,0.9662395
86.02478,0.9754079
86.04492,0.9907454
86.06506,1.010936
86.08521,1.006756
86.10535,1.006756
86.12549,0.9728957
86.14563,0.9353983
86.16577,0.9002311
86.18591,0.9008992
86.20605,0.9260361
86.2262,0.9344155
86.24634,0.9249208
86.26648,0.9249208
86.28662,0.929355
86.30676,0.929355
86.3269,0.9594362
86.34705,1.020045
86.36719,1.048386
86.38733,1.042368
86.40747,1.053841
86.42761,1.068425
86.44775,1.055034
86.4679,1.079172
86.48804,1.079172
86.50818,1.077281
86.52832,1.008389
86.54846,1.008389
86.5686,0.9769217
86.58875,0.9840091
86.60889,1.004243
86.62903,1.086572
86.64917,1.153519
86.66931,1.090016
86.68945,1.090016
86.70959,1.076345
86.72974,1.090849
86.74988,0.9819043
86.77002,0.8531929
86.79016,0.812819
86.8103,0.8746143
86.83044,0.9331642
86.85059,0.9424464
86.87073,0.9424464
86.89087,0.9424464
86.91101,0.9596787
86.93115,0.9730556
86.95129,0.9914462
86.97144,0.9992837
86.99158,0.9606158
87.01172,0.9303062
87.03186,0.9413805
87.052,0.9503444
87.07214,0.9503444
87.09229,0.9344941
87.11243,0.9460031
87.13257,0.9566367
87.15271,0.9413401
87.17285,0.9291304
87.19299,0.9367865
87.21313,0.9451121
87.23328,0.9451121
87.25342,0.9592186
87.27356,0.9592186
87.2937,0.9832135
87.31384,0.9723432
87.33398,0.9388091
87.35413,0.9445346
87.37427,0.9815094
87.39441,1.015836
87.41455,1.032247
87.43469,1.026997
87.45483,1.026997
87.47498,1.000506
87.49512,1.083061
87.51526,1.290082
87.5354,1.263542
87.55554,1.247954
87.57568,1.247954
87.59583,1.235757
87.61597,1.043996
87.63611,0.8300801
87.65625,0.8300801
87.67639,0.8399077
87.69653,0.9698148
87.71667,1.052094
87.73682,1.022955
87.75696,0.9853622
87.7771,0.9760544
87.79724,0.9774206
87.81738,0.9898049
87.83752,0.9898049
87.85767,1.010431
87.87781,1.010431
87.89795,0.9957399
87.91809,0.985883
87.93823,0.9784386
87.95837,0.9614637
87.97852,0.9590656
87.99866,0.9742556
88.0188,0.9718704
88.03894,0.9718704
88.05908,0.9786733
88.07922,0.9967591
88.09937,0.9832986
88.11951,0.9511409
88.13965,0.9203889
88.15979,0.9157441
88.17993,0.924762
88.20007,0.9217463
88.22021,0.9217463
88.24036,0.9217463
88.2605,0.9561502
88.28064,0.995461
88.30078,0.9561502
88.32092,0.995461
88.34106,1.006534
88.36121,1.000749
88.38135,0.9903611
88.40149,0.9731795
88.42163,0.9759763
88.44177,1.001098
88.46191,1.001098
88.48206,0.9821448
88.5022,1.035235
88.52234,1.191924
88.54248,1.218174
88.56262,1.165642
88.58276,1.165642
88.60291,1.36057
88.62305,1.280292
88.64319,1.014435
88.66333,1.014435
88.68347,0.86702
88.70361,0.9867833
88.72375,0.8839362
88.7439,0.8378096
88.76404,0.8372524
88.78418,0.8764048
88.80432,0.9443437
88.82446,0.9443437
88.8446,0.9242426
88.86475,1.043649
88.88489,1.067328
88.90503,1.065972
88.92517,1.065972
88.94531,1.010002
88.96545,1.003372
88.9856,1.004575
89.00574,0.9670964
89.02588,0.9670964
89.04602,0.9573974
89.06616,1.008739
89.0863,0.8816894
89.10645,0.7115225
89.12659,0.8928334
89.14673,1.150929
89.16687,1.072973
89.18701,1.034353
89.20715,1.034353
89.22729,1.143981
89.24744,1.125983
89.26758,1.092753
89.28772,1.021471
89.30786,1.021471
89.328,1.050791
89.34814,1.104232
89.36829,1.144158
89.38843,1.140245
89.40857,1.140245
89.42871,1.083625
89.44885,1.085319
89.46899,1.068516
89.48914,1.092587
89.50928,1.114985
89.52942,0.9413054
89.54956,0.9413054
89.5697,0.9929417
89.58984,1.197325
89.60999,0.9929417
89.63013,1.197325
89.65027,0.9929417
89.67041,1.197325
89.69055,1.331749
89.71069,1.079541
89.73083,0.9632649
89.75098,1.109281
89.77112,1.182685
89.79126,1.082768
89.8114,0.9006808
89.83154,0.7638034
89.85168,0.7638034
89.87183,0.8691975
89.89197,1.010012
89.91211,0.973841
89.93225,0.8187072
89.95239,0.8187072
89.97253,0.6970736
89.99268,0.6141086
90.01282,0.5850662
90.03296,0.6109015
90.0531,0.6109015
90.07324,0.6712403
90.09338,0.5883129
90.11353,0.578939
90.13367,0.776821
90.15381,0.9370784
90.17395,0.8758418
90.19409,0.8243723
90.21423,0.8744188
90.23438,0.9350427
90.25452,0.9884861
90.27466,1.152291
90.2948,1.152291
90.31494,1.332341
90.33508,1.341246
90.35522,1.209137
90.37537,1.113498
90.39551,1.113498
90.41565,1.113498
90.43579,1.156884
90.45593,1.156884
90.47607,1.060565
90.49622,0.9673722
90.51636,0.9305798
90.5365,1.129493
90.55664,1.324921
90.57678,1.337505
90.59692,1.339913
90.61707,1.228011
90.63721,1.228011
90.65735,1.30008
90.67749,2.406996
90.69763,1.918956
90.71777,1.144581
90.73792,1.039972
90.75806,1.039972
90.7782,1.180792
90.79834,1.207778
90.81848,1.144717
90.83862,1.144717
90.85876,1.004787
90.87891,0.8167048
90.89905,0.9335901
90.91919,1.247223
90.93933,1.169641
90.95947,0.9453055
90.97961,0.987944
90.99976,1.044302
91.0199,1.044302
91.04004,1.000289
91.06018,1.088376
91.08032,1.270483
91.10046,1.270483
91.12061,1.211155
91.14075,1.080779
91.16089,1.078384
91.18103,1.11324
91.20117,1.036911
91.22131,1.036911
91.24146,0.9852381
91.2616,0.9661297
91.28174,0.9424961
91.30188,0.9720947
91.32202,0.9841567
91.34216,0.940582
91.3623,1.009288
91.38245,1.099971
91.40259,1.099971
91.42273,1.099971
91.44287,1.099489
91.46301,1.123557
91.48315,1.108865
91.5033,1.067903
91.52344,1.051811
91.54358,0.9974007
91.56372,0.9783388
91.58386,0.9974007
91.604,0.9783388
91.62415,0.9974007
91.64429,0.9783388
91.66443,0.9576445
91.68457,0.9643763
91.70471,0.9911362
91.72485,1.011863
91.745,0.9975041
91.76514,0.9931346
91.78528,1.000922
91.80542,0.9883792
91.82556,0.9883792
91.8457,0.9885257
91.86584,0.975221
91.88599,0.975221
91.90613,0.9778444
91.92627,1.021301
91.94641,1.047318
91.96655,1.021301
91.98669,1.047318
92.00684,1.023529
92.02698,0.9769281
92.04712,0.9613447
92.06726,0.9613447
92.0874,0.9560796
92.10754,0.9745871
92.12769,0.9738372
92.14783,0.9593259
92.16797,0.9743294
92.18811,0.9743294
92.20825,1.008115
92.22839,1.00644
92.24854,0.9817815
92.26868,0.9909359
92.28882,0.9930521
92.30896,0.9876618
92.3291,0.9876618
92.34924,0.990859
92.36938,1.002302
92.38953,1.023936
92.40967,1.050217
92.42981,1.061859
92.44995,1.061859
92.47009,1.055302
92.49023,1.050049
92.51038,1.044998
92.53052,1.044604
92.55066,1.044604
92.5708,1.047692
92.59094,1.045009
92.61108,1.02933
92.63123,1.018778
92.65137,1.018778
92.67151,0.9863342
92.69165,0.9705939
92.71179,0.9874562
92.73193,0.99213
92.75208,0.9800892
92.77222,0.9723344
92.79236,0.9809529
92.8125,1.006684
92.83264,1.006684
92.85278,1.006684
92.87292,0.9995304
92.89307,1.007116
92.91321,1.02542
92.93335,1.027572
92.95349,1.024486
92.97363,1.027892
92.99377,1.039366
93.01392,1.024958
93.03406,1.024958
93.0542,0.9881859
93.07434,0.9879665
93.09448,0.9824032
93.11462,1.007053
93.13477,1.015823
93.15491,1.007156
93.17505,1.007053
93.19519,1.015823
93.21533,1.007156
93.23547,1.007053
93.25562,1.015823
93.27576,1.007156
93.2959,1.007761
93.31604,1.007761
93.33618,1.012668
93.35632,1.003354
93.37646,1.001583
93.39661,1.001583
93.41675,1.007136
93.43689,1.007136
93.45703,1.023213
93.47717,1.033321
93.49731,1.028158
93.51746,1.019329
93.5376,1.008338
93.55774,1.008338
93.57788,1.00841
93.59802,0.9983491
93.61816,0.9937994
93.63831,0.9926177
93.65845,0.9956983
93.67859,0.9983991
93.69873,0.9906971
93.71887,0.9906971
93.73901,0.9974592
93.75916,0.9974592
93.7793,1.027689
93.79944,1.035306
93.81958,1.020321
93.83972,1.005466
93.85986,0.9954576
93.88,1.003434
93.90015,1.010338
93.92029,1.010957
93.94043,1.010957
93.96057,0.998503
93.98071,1.001442
94.00085,0.9997069
94.021,0.9989392
94.04114,1.00926
94.06128,1.00926
94.08142,1.021628
94.10156,1.020534
94.1217,1.040773
94.14185,1.040773
94.16199,0.964984
94.18213,0.9807952
94.20227,0.9753746
94.22241,0.9835288
94.24255,1.00405
94.2627,1.02532
94.28284,1.04698
94.30298,1.040887
94.32312,1.040887
94.34326,1.042203
94.3634,1.03752
94.38354,1.035298
94.40369,1.035298
94.42383,1.027098
94.44397,1.029343
94.46411,1.023015
94.48425,1.023015
94.50439,1.00805
94.52454,1.00805
94.54468,1.000154
94.56482,0.9998133
94.58496,1.00875
94.6051,1.021088
94.62524,1.018281
94.64539,1.000985
94.66553,1.000985
94.68567,0.993459
94.70581,1.002343
94.72595,1.002343
94.74609,1.005372
94.76624,1.001565
94.78638,0.9963796
94.80652,0.9933224
94.82666,1.012386
94.8468,1.017029
94.86694,1.004325
94.88708,1.002089
94.90723,1.002089
94.92737,1.003443
94.94751,0.9989542
94.96765,0.998632
94.98779,1.003336
95.00793,0.9979358
95.02808,0.9787307
95.04822,0.9787307
95.06836,0.9740872
95.0885,0.9805325
95.10864,0.9805325
95.12878,0.9973856
95.14893,1.00598
95.16907,1.013495
95.18921,1.01394
95.20935,1.013255
95.22949,1.020147
95.24963,1.024338
95.26978,1.022054
95.28992,1.022054
95.31006,1.011587
95.3302,1.00661
95.35034,1.00661
95.37048,1.004959
95.39063,1.009598
95.41077,1.014906
95.43091,1.019911
95.45105,1.021971
95.47119,1.018219
95.49133,1.021971
95.51147,1.018219
95.53162,1.002567
95.55176,1.002567
95.5719,0.9942405
95.59204,1.004201
95.61218,1.013566
95.63232,1.011568
95.65247,1.002578
95.67261,0.9964725
95.69275,0.9900492
95.71289,0.9900492
95.73303,0.9900492
95.75317,0.9899737
95.77332,1.002716
95.79346,1.011728
95.8136,1.002716
95.83374,1.011728
95.85388,1.012998
95.87402,1.014992
95.89417,1.018625
95.91431,1.023769
95.93445,1.014287
95.95459,1.014287
95.97473,1.008988
95.99487,1.002067
96.01501,1.002243
96.03516,1.003012
96.0553,1.004375
96.07544,1.00682
96.09558,1.015022
96.11572,1.015022
96.13586,1.01277
96.15601,1.01277
96.17615,1.007638
96.19629,1.007032
96.21643,1.007638
96.23657,1.007032
96.25671,1.002235
96.27686,0.9926748
96.297,0.9856274
96.31714,0.9866002
96.33728,0.9984044
96.35742,1.008706
96.37756,1.008706
96.39771,1.01934
96.41785,1.029269
96.43799,1.018275
96.45813,1.006012
96.47827,0.9969889
96.49841,0.9969889
96.51855,1.004711
96.5387,1.017311
96.55884,1.018549
96.57898,1.018549
96.59912,1.003346
96.61926,0.9917204
96.6394,0.9868763
96.65955,0.9847497
96.67969,0.9875469
96.69983,1.002694
96.71997,1.01668
96.74011,1.018343
96.76025,1.018343
96.7804,1.023427
96.80054,1.031482
96.82068,1.031309
96.84082,1.031309
96.86096,1.020594
96.8811,0.9615771
96.90125,0.9652489
96.92139,0.9691759
96.94153,0.9652489
96.96167,0.9691759
96.98181,0.9763221
97.00195,0.9763221
97.02209,0.9808909
97.04224,1.02429
97.06238,1.004615
97.08252,1.004615
97.10266,1.012265
97.1228,1.014767
97.14294,1.007792
97.16309,1.012632
